id;sampiran_asli_1;sampiran_asli_2;isi_1;isi_2;sampiran_ai_1;sampiran_ai_2;gemini;alasan
1;kalau tuan berbudi bahasa;cobalah tebak di dalam peti;wahai pahlawan tanpa tanda jasa;selamat datang di sekolah kami;Mentari pagi menyinari desa;Embun menetes di daun kemangi;4;Citraan 'embun' dan 'kemangi' sangat natural dan rima tertata rapi tanpa membocorkan isi pesan selamat datang, meski pola visualnya cukup standar.
2;Ke pasar membeli roti;Roti manis rasa keju;Katanya rajin introspeksi diri;Salah sedikit menyalahkan kamu;Awan berarak di pagi hari;Ombak kecil menyapa dermaga biru;4;Gambaran 'dermaga biru' memberikan estetika yang baik dan rima akhir konsisten, memberikan kontras yang pas dengan isi pantun yang bersifat sindiran.
3;Batu halus kini terbelah;Tertancap oleh sebutir panah;Nabi diutus membawa risalah;Jalan hidupnya disebut sunnah;Burung merpati hinggap di dahan belah;Angin berbisik di lembah rendah;5;Sangat puitis dengan diksi klasik yang kuat. Citraan alam 'lembah rendah' selaras secara atmosferik dengan tema religius tanpa mendahului isi
4;duduk sekawan gadis jelita;buat santapan untuk pahlawan;tampil lah tuhan kami meminta;madah ucapan kata aluan;Bunga melati mekar dipinta;Bulan bersinar di tepian aluan;3;Pengulangan kata 'aluan' pada sampiran dan isi mengurangi nilai kreativitas rima, serta frasa 'mekar dipinta' terasa sedikit dipaksakan secara logika alam
5;hujan tipis membasuh taman;bunga segar menebar aroma;cintaku hadir tanpa tuntutan;namunn tulus menjaga rasa;Hujan turun di balik hutan;Mawar merekah menyimpan rasa;2;Lemah secara teknis karena menggunakan kata 'rasa' di baris sampiran sekaligus baris isi. Hal ini dianggap cacat dalam estetika pantun klasik karena membocorkan bunyi dan diksi utama.
6;Pohon sena berdaun lebat;Akar berpaut di tanah pertiwi;Jika adat dijunjung taat;Hidup terpelihara maruah diri;Padi menguning tanda berkat;Air jernih mengalir ke kali;4;Citraan padi dan air sangat natural dan klasik khas sastra lama. Rima tertata rapi (a-b-a-b) tanpa ada pengulangan kata yang membocorkan isi.
7;Naik kuda bersama mama;Hendak keliling pinggiran kota;Ada beribu budaya kita punya;Harus lestari di sepanjang masa;Gunung menjulang megah rupanya;Laut membentang sepanjang masa;1;Sampiran gagal total karena menggunakan frasa 'sepanjang masa' yang identik dengan bagian isi. Ini melanggar aturan dasar pantun terkait kebocoran diksi
8;Ke cimanggis membeli kopiah;Kopiah indah kan kau dapati;Begitu banyak gadis yang singgah;Hanya dinda yang memikat hati;Kupu hinggap di bunga rendah;Bulan tersenyum menyentuh hati;2;Terdapat pengulangan kata 'hati' pada sampiran dan isi. Selain itu, personifikasi 'bulan tersenyum' terasa terlalu modern dan kurang mencerminkan estetika sastra lama
9;pergi sekolah bersama teman;anak perempuan memakai rok;merokok tak baik buat kesehatan;biar aku aja yang merokok;Kabut turun menutup daratan;Angin berhembus dari pokok;4;"Secara estetis sangat menarik; penggunaan 'kabut' menjadi metafora visual yang halus untuk 'rokok' tanpa membocorkannya secara harfiah. Rima akhir sangat kuat."
10;Hembus pawana bayu terasa;Hati kehendak merasa sepi;Indah buana ciptaan esa;Mengapa tidak dijaga rapi;Pelangi muncul menghias angkasa;Taman berbunga tertata rapi;2;Terjadi pengulangan kata 'rapi' pada baris kedua dan keempat. Citraan taman yang tertata juga terlalu lugas sehingga suasana sampiran dan isi menjadi terlalu identik
11;bersihkan halaman dengan sapu;basahkan kain bersihkan kaca;anak baik menghormati guru;berbakti jua pada orangtua;Burung tekukur di pohon waru;Hinggap sebentar di tepi tua;;
12;berburu ke padang datar;dapat rusa si belang kaki;jangan dulu mengaku pintar;kalo kamu gak bisa ngaji;Bintang kejora tampak berpijar;Bulan bersinar di malam sunyi;;
13;Bintang pagi bersinar terang;Menyapa fajar di ufuk timur;Jika ingin hidup gemilang;Berusaha keras tanpa mundur;Mentari pagi tampak gemilang;Ombak berlari tiada mundur;;
14;Bila memandang ke muka laut;Nampak sampan mudik ke hulu;Bila terkenang mulut menyebut;Budi yang baik ingat selalu;Angin berembus daun pun menyebut;Bunga melati harum selalu;;
15;Kain batik banyak sekodi;Perca banyak dalam goni;Turun ke sawah menanam padi;Bermain lumpur seperti petani;Burung pipit hinggap di padi;Kerbau berkubang bagai petani;;
16;Pohon kelapa melambai angin;Buahnya muda segar rasanya;Jika hidup penuh yakin;Rezeki datang bersama doa;Bulan purnama bersinar yakin;Embun jatuh membawa doa;;
17;Siapa yang tidak memegang panah;Pasti dia tidak punya ancaman;Siapa yang tidak memegang amanah;Pasti dia tidak membawa iman;Air telaga tampak amanah;Awan kelabu menutup iman;;
18;jalanjalan ke kota padang;perut lapar memakan roti;lisan tajam bagaikan pedang;hatihati jangan sampai menyakiti;Kilat menyambar setajam pedang;Duri mawar dapat menyakiti;;
19;ke sawah membawa pahat;pulangnya bawa seikat kayu;ada kamis sebelum jumat;dan semua orang juga tahu;Embun menetes di pagi Jumat;Burung bernyanyi seakan tahu;;
20;Begitu indah alam semesta;Lebih indah dari mutiara;Apakah tanda hatinya cinta;Penuh kasih bersikap mesra;Mawar merah lambang cinta;Bulan tersenyum terasa mesra;;
21;ambil manggis dengan galah;masukkan manggis dalam kardus;dari anakmu yang banyak salah;meminta maaf dengan tulus;Daun gugur jatuh ke lembah;Air mengalir jernih dan tulus;;
22;Pergi ke sawah menanam padi;Singgah sebentar membeli kain;Kalau belajar sungguh di hati;Ilmu didapat manfaatnya lain;Kupu-kupu hinggap di jati;Ikan berenang di telaga lain;;
23;ada rabu setelah selasa;pergi memancing hari dah senja;teruslah berjaya wahai indonesia;di bumi pertiwi goreskan cerita;Mentari bersinar di langit Indonesia;Ombak menulis di pasir cerita;;
24;setelah mandi bersihkan kasur;sebelum pergi ke sekolah;kalo ompong tertawa menyembur;teman di sebelah pasti marah;Angin kencang meniup bambu lebur;Daun kering jatuh membuat resah;;
25;jikalau ada bangunan roboh;maka benahi supaya benar;jikalau ada teman yang bodoh;maka bimbinglah supaya pintar;Awan mendung tampak berjodoh;Burung bernyanyi belajar pintar;;
26;Pohon mahoni lurus batangnya;Daunnya rimbun tempat berteduh;Jika hidup jaga akhlaknya;Langkah pasti terasa teguh;Pohon jati kuat batangnya;Batu karang berdiri teguh;;
27;pisau menggores menjadi luka;rasanya sakit amatlah pedih;cukup sekian dari saya;saya haturkan terima kasih;Burung merpati terbang ke suraya;Hinggap sebentar di pohon kasih;;
28;pagi hari langsung sarapan;minum teh dan makan roti kelapa;dari semua mata pelajaran;hanya olahraga yang aku suka;Burung camar terbang di awan;Rusa berlari penuh suka;;
29;bunga melur dalam jambangan;di tepi kolam menjadi hiasan;kucipta pantun buat renungan;semarak nilam empunya wawasan;Embun pagi jadi renungan;Cahaya nilam membuka wawasan;;
30;Air telaga ditimba petang;Disimpan dalam kendi tua;Jika ingin hidup dikenang;Budi baik jadi pusaka;Senja merona indah dikenang;Daun kering jadi pusaka;;
31;Pelangi indah sesudah hujan;Warna lembut menghias angkasa;Jika kasih tiada sempadan;Mengapa luka masih terasa;Laut membentang tanpa sempadan;Hujan turun membasuh rasa;;
32;pergi haji ke kota mekah;jangan lupa bawa kedondong;orang yang rajin sedekah;insya aallah masuk surga dong;Bunga merekah di tepi lembah;Burung merpati terbang sekampung;;
33;istirahat di dekat perhentian;lebih nyaman duduk di taman;cewek cantik dan pengertian;cocoknya dijadikan sebagai teman;Bunga melati indah rupawan;Kupu-kupu hinggap berteman;;
34;amalan membaca amalan mulia;dituntut agama dan juga bangsa;insan membaca banyak ilmunya;bekalan hidup sepanjang masa;Embun pagi di daun kemuning;Laut membentang sepanjang masa;;
35;Pagi hari menimba sumur;Air jernih disimpan kendi;Jika ingin hati bersyukur;Terima takdir dengan rela hati;Air telaga mengalir syukur;Bulan bersinar meneduhkan hati;;
36;Pohon ara berdaun lebat;Menjadi teduh kala siang;Jika usaha dibuat hebat;Cita tinggi bukan sekadar bayang;Awan tinggi tampak hebat;Layang-layang terbang membayang;;
37;apalah tanda batang tebu;batang tebu halus uratnya;apalah tanda orang berilmu;orang berilmu halus sifatnya;Burung kenari hinggap bertemu;Bunga melati lembut sifatnya;;
38;Ke Purwodadi membeli barang;Barang langka modelnya lama;Jangan peduli gunjingan orang;Asal benar sesuai agama;Angin berlalu di ranting orang;Bulan bersinar terang utama;;
39;Jangan suka mencabut padi;Kalau dicabut hilang buahnya;Jangan suka menyebut budi;Kalau disebut hilang tuahnya;Daun keladi jatuh ke budi;Bunga cempaka harum tuahnya;;
40;jika kamu pergi ke dusun;jangan lupa membawa beras;belajarlah kamu dengan tekun;agar nanti jadi naik kelas;Pucuk bambu tumbuh merimbun;Anak rusa naik ke kelas;;
41;Kalau tahu peria itu pahit;Tidak ku gulai dengan petola;Kalau tahu bercinta itu sakit;Tidak ku mulai dari semula;Durian jatuh menimpa bukit;Daun kelapa gugur semula;;
42;di bandar banyak yang terpaku;hilir mudik kanan dan kiri;tak kan pudar kasih sayangku;tambah erat hari ke hari;Embun pagi di daun randu;Akar merambat ke tepi hari;;
43;bambu rotan menjadi kursi;rumput ilalang menjadi atap;sejak ayam itu jadi polisi;banyak elang yang cepat tertangkap;Burung gagak hinggap di sisiRanting patah cepat tertangkap;;;
44;berjalan kaki ke sekolah;jangan sampai datang terlambat;selamat datang rabu yang cerah;selamat pagi untuk para sahabat;Mentari muncul di langit cerah;Embun menyapa para sahabat;;
45;jelekjelekin user tik tok;emangnya kamu yg paling benar;tak mengapa banyak yg mengolokolok;mending kita banyakin istighfar;Daun keladi jatuh terolok-olok;Angin senja membawa istighfar;;
46;Bunga melati harum baunya;Disiram embun waktu pagi;Jika budi elok lakunya;Semua orang senang hati;Bunga melati indah rupanya;Burung bernyanyi senang hati;;
47;kalau hendak memangsa tikus;carilah di kolong kolong parit;kalau tidak cermat dan serius;ingin pintar sangatlah sulit;Burung camar terbang serius;Mendung tebal membuat sulit;;
48;dari mana hendak ke mana;dari desa hendak ke kota;jika boleh saya bertanya;bunga yang cantik siapa yang punya;Bulan purnama tersenyum manja;Mawar merekah siapa punya;;
49;Langit luas membiru tenang;Burung camar terbang beriring;Jika kasih bukan sekadar bayang;Mengapa luka masih beriring;Awan senja membentuk bayang;Hujan turun saling beriring;;
50;tukang becak memakai topi;berwarna hijau di pinggir jalan;hadirmu tak seindah mimpi;saat kau masih dalam khayalan;Bintang redup di ujung mimpi;Bulan hilang dalam khayalan;;
51;Dina merenung suaranya sumbang;Duduk bersantai dan telah pasrah;Dia berdengung tapi bukan kumbang;Punya belalai namun bukan gajah;;;;
52;pulang sekolah hari hujan;basah kuyup si supir kenek;semangat dipupuk hendak ujian;agar nilaimu tidak jelek;;;;
53;harga mangga sembilan ribu;ditambah pula beli apel merah;jika ingin disayang ibu;jangan sering buatnya marah;;;;
54;memasak air ambillah kayu;jangan ambil si akar rotan;jauh dari rumah mengingatkanku;akan kerinduan kampung halaman;;;;
55;orang sakit naik kursi roda;mengayuh sendiri dengan tangan;kecantikan tak menjamin bahagia;akhlakmu lah yang membuatku bertahan;;;;
56;berguna hidup karena beradat;adat lembaga jadi pakaian;sempurna hidup karena syahadat;syahadat dijaga mengokohkan iman;;;;
57;ke kebun panen daun keladi;untuk dimasak sore hari;esok hari telah menanti;tidurlah nyenyak malam ini;;;;
58;Pergi ke pasar membeli ikan;Ikan segar jadi hidangan;Belajar sabar dalam tekanan;Agar kuat menghadapi cobaan;;;;
59;Burung walet terbang berputar;Mencari makan di udara;Jika ingin hidupmu benar;Jaga amanah dengan setia;;;;
60;Bunga tanjung di tepi pagar;Harumnya lembut menusuk rasa;Jika hidup mahu segar;Hidupkan cinta pada budaya;;;;
61;Ranting sena berbalut embun;Bunga cempaka gugur sekuntum;Jika santun jadi pantun;Indah tutur lembut berhukum;;;;
62;hari ini menjual jagung;hari esok menjual jelai;hari ini kita berkampung;hari esok kita bercerai;;;;
63;Duka tersentak renggut ceria;Selaksa tanya bantah problema;Ketika jejak di sudut usia;Tersisa hanya sebuah nama;;;;
64;Sirih berlipat sirih pinang;Sirih dari Pulau Mutiara;Adat dijunjung pusaka dikenang;Budi bahasa penyeri negara;;;;
65;Kayu meranti dibuat papan;Disusun rapi jadi dinding;Jika ingin capai harapan;Jangan malas belajar dan berunding;;;;
66;tamasya ke kota bogor;jangan lupa ke kebun raya;meski kau sudah tersohor;jangan lupakan ayah bunda;;;;
67;amalan membaca budaya mulia;ilmu bertambah amat berharga;hidup bahagia dengan membaca;jadikan membaca khazanah bangsa;;;;
68;pohon jati kuat kayunya;pohon nyiur tinggi batangnya;murid pandai banyak ilmunya;bekal bagi nusa bangsanya;;;;
69;ambil bambu jadikan jembatan;jembatan tempat jalannya si tuan;merantau jauh dari kalimantan;belajar bersama dengan kalian;;;;
70;buah kelat waktu dirasa;meludah lagi kalau tak nyaman;wahai pejabat serta pengusaha;bantulah kami para seniman;;;;
71;Pergi berlayar saat fajar;Ombak kecil memecah perahu;Jika usaha terus dikejar;Sukses akan datang padamu;;;;
72;buah durian banyak durinya;isinya lunak bijinya keras;sudah dimakan tidak meminta;kini hendak diberi seulas;;;;
73;ke pontianak beli kopiah;kopiah indah kau dapati;begitu banyak gadis yang singgah;hanya adinda yang memikat hati;;;;
74;Pergi ke taman memetik delima;Delima merah manis rasanya;Ilmu dan adab harus bersama;Agar hidup penuh maknanya;;;;
75;jika ada jarum yang patah;jangan disimpan didalam peti;jika ada kata yang salah;jangan di simpan dalam hati;;;;
76;samudera hindia airnya biru;dilewati oleh kapal feri;cinta terjalin di malam itu;saat tahun mulai berganti;;;;
77;Cempaka putih di serambi istana;Harumnya lembut menyentuh rasa;Jika akal dijaga sempurna;Terselamat insan dari angkara;;;;
78;manis rasanya buah jambu;minumnya dengan jus tomat;gimana mau main hari minggu;cucian numpuk banyak amat;;;;
79;ada lagu gundul gundul pacul;dari jawa ia berasal;banyak gaya dalam bergaul;tanpa bercermin dari mana asal;;;;
80;Pergi ke kebun membawa keranjang;Memetik buah yang telah matang;Kalau ingin hidup cemerlang;Rajin belajar siang dan petang;;;;
81;kurang makan badan kurus;ada peci disebut songkok;bayangbayang tak akan lurus;dari pohon yang tumbuh bengkok;;;;
82;hujan malam turun perlahan;cahaya lampu memantul jalan;alam menjaga dalam keheningan;menyimpan damai dalam kegelapan;;;;
83;Pergi jauh membawa bekal;Demi bekerja dengan giat;Orang beriman orang berakal;Tak korbankan hidup sesaat;;;;
84;asah parang untuk membabat;petin pepaya untuk dimakan;seimbangkan dunia dan akhirat;dengan ilmu dan juga iman;;;;
85;deket muara ada madu dan jamu;nonton tv sambil minum jamu;gara gara rindu sama kamu;lihat sapi pun seolaholah kamu;;;;
86;jangan pergi mandi di lombong;emak dan kakak sedang mencuci;jangan suka bercakap bohong;semua kawan akan membenci;;;;
87;bulan purnama si terang bulan;anak bujang bernyanyi syahdu;puji syukur kami ucapkan;atas kedatanganmu hai guru baru;;;;
88;pulang sekolah pakai sepeda;ditengah jalan hujan tiba;ayo kawan masuk pramuka;melatih diri mencipta karya;;;;
89;Pohon kelapa tumbuh tinggi;Buahnya jatuh di tepi kali;Jika ingin hidup berarti;Hormati orang tua setiap hari;;;;
90;pergi ke kota membeli paku;paku dibungkus plastik biru;bukannya aku nggak lakulaku;tapi ku sedang nunggu jandamu;;;;
91;Burung kecil terbang tinggi;Hinggap manis di pohon jati;Ingat mati setiap hari;Supaya lembut hati ini;;;;
92;Rumah di parit terlihat permai;Pedagang kecil jualan siomai;Kalau ke masjid tidak ramai;Pastinya sulit tercipta damai;;;;
93;Bintang timur bersinar terang;Menemani malam yang sunyi;Jika hidup mahu dikenang;Tinggalkan jasa dan budi;;;;
94;air kelapa enak rasanya;walau basah amat senangnya;barang siapa dunia citacitanya;pasti susah jalan hidupnya;;;;
95;naik kuda tanpa pelana;kuda lari tak beraturan;jadi murid harus bijaksana;agar disayang guru dan teman;;;;
96;buah jeruk ada dimeja;ada pisau di dalam laci;diri ini bukan pujangga;tapi ini letupan rindu hati;;;;
97;Burung pipit terbang rendah;Hinggap sebentar di pohon cemara;Jika hati selalu ramah;Banyak sahabat datang menyapa;;;;
98;Pergi ke taman menatap senja;Langit jingga menutup hari;Jika hidup ingin bahagia;Ikhlas menerima yang terjadi;;;;
99;ke rumah teman naik sepeda;membawa tas dan juga buku;met ultah suami tercinta;tetaplah jadi pria hebatku;;;;
100;minum jamu sehatkan raga;makan buah sehatkan mata;kumpulkan ilmu dalam dada;amalkan ia di kehidupan nyata;;;;
