id;sampiran_asli_1;sampiran_asli_2;isi_1;isi_2;sampiran_ai_1;sampiran_ai_2;gemini;alasan
1;kalau tuan berbudi bahasa;cobalah tebak di dalam peti;wahai pahlawan tanpa tanda jasa;selamat datang di sekolah kami;Burung merpati terbang ke angkasa;Hinggap sebentar di dahan semi;4;Citraan burung merpati dan dahan semi sangat natural serta memiliki rima yang konsisten. Kesan damai pada sampiran selaras dengan suasana penghormatan kepada pahlawan pada bagian isi.
2;Ke pasar membeli roti;Roti manis rasa keju;Katanya rajin introspeksi diri;Salah sedikit menyalahkan kamu;Tumbuh melati di taman sari;Daun keladi beradu bayu;5;Penggunaan diksi 'taman sari' dan 'beradu bayu' menunjukkan kekayaan kosa kata sastra lama yang sangat estetis. Citraan alamnya masuk akal dan membangun suasana kontemplatif yang mendukung isi.
3;Batu halus kini terbelah;Tertancap oleh sebutir panah;Nabi diutus membawa risalah;Jalan hidupnya disebut sunnah;Batang selasih patah dibelah;Pucuk meranti jatuh ke tanah;5;Sangat autentik dengan penggunaan flora klasik seperti selasih dan meranti. Logika alamnya kuat dan kesan rendah hati pada sampiran sangat serasi dengan tema religius pada bagian isi.
4;duduk sekawan gadis jelita;buat santapan untuk pahlawan;tampil lah tuhan kami meminta;madah ucapan kata aluan;Indah nian si bunga kanta;Embun menetes di dahan hutan;4;Diksi 'bunga kanta' dan 'embun menetes' memberikan sentuhan puitis yang segar. Aliran rimanya halus dan sangat cocok sebagai pembuka untuk kalimat permohonan yang khidmat.
5;hujan tipis membasuh taman;bunga segar menebar aroma;cintaku hadir tanpa tuntutan;namunn tulus menjaga rasa;Awan berarak di tengah lautan;Elang terbang menjaga angkasa;4;Terdapat paralelisme yang cantik antara elang yang 'menjaga' angkasa dengan ketulusan 'menjaga' rasa. Citraan alamnya luas dan memberikan kesan puitis yang kuat tanpa membocorkan isi
6;Pohon sena berdaun lebat;Akar berpaut di tanah pertiwi;Jika adat dijunjung taat;Hidup terpelihara maruah diri;Hujan turun dengan lebat;Nuri hinggap di dahan duri;4;Sampiran memiliki rima yang sangat terjaga (taat-lebat, diri-duri). Citraan 'nuri di dahan duri' memberikan kesan visual yang kuat dan puitis, selaras dengan bobot isi pantun yang serius mengenai harga diri.
7;Naik kuda bersama mama;Hendak keliling pinggiran kota;Ada beribu budaya kita punya;Harus lestari di sepanjang masa;Pucuk rebung manis rasanya;Embun pagi penyejuk rasa;4;Menggunakan unsur alam tradisional (pucuk rebung) yang sangat khas sastra lama. Hubungan antara kesegaran embun dan pelestarian budaya terasa harmonis, meskipun pengulangan kata 'rasa' sedikit mengurangi variasi diksi
8;Ke cimanggis membeli kopiah;Kopiah indah kan kau dapati;Begitu banyak gadis yang singgah;Hanya dinda yang memikat hati;Padi menguning di sawah tadah;Burung pipit terbang ke jati;5;Sangat natural dan autentik dengan penggambaran suasana agraris (sawah tadah dan burung pipit). Rima 'singgah-tadah' dan 'hati-jati' sangat solid, menciptakan alur bunyi yang merdu khas pantun klasik
9;pergi sekolah bersama teman;anak perempuan memakai rok;merokok tak baik buat kesehatan;biar aku aja yang merokok;Angin bertiup di tengah hutan;Kera memanjat pohon yang bengkok;3;Citraan kera dan pohon bengkok cukup masuk akal, namun secara estetika sastra lama terasa terlalu sederhana dan kurang puitis. Sampiran ini lebih berfungsi sebagai pelengkap rima untuk isi yang bersifat humor.
10;Hembus pawana bayu terasa;Hati kehendak merasa sepi;Indah buana ciptaan esa;Mengapa tidak dijaga rapi;Bunga mekar di taman rasa;Kayu kering dibakar api;4;Memiliki kontras visual yang menarik antara 'bunga mekar' dan 'api'. Diksi yang digunakan cukup puitis dan mampu membangun suasana yang tepat untuk mengingatkan pembaca tentang menjaga alam.
11;bersihkan halaman dengan sapu;basahkan kain bersihkan kaca;anak baik menghormati guru;berbakti jua pada orangtua;Indah awan berhias biru;Mekar mawar di taman bunga;;
12;berburu ke padang datar;dapat rusa si belang kaki;jangan dulu mengaku pintar;kalo kamu gak bisa ngaji;Memetik mawar di pagar akar;Air mengalir ke dalam kuali;;
13;Bintang pagi bersinar terang;Menyapa fajar di ufuk timur;Jika ingin hidup gemilang;Berusaha keras tanpa mundur;Sayap mengepak burung elang;Hinggap di atas tanah yang subur;;
14;Bila memandang ke muka laut;Nampak sampan mudik ke hulu;Bila terkenang mulut menyebut;Budi yang baik ingat selalu;Angin berhembus menyapu kabut;Air mengalir di bawah waru;;
15;Kain batik banyak sekodi;Perca banyak dalam goni;Turun ke sawah menanam padi;Bermain lumpur seperti petani;Harum semerbak bunga melati;Mekar merona di taman asri;;
16;Pohon kelapa melambai angin;Buahnya muda segar rasanya;Jika hidup penuh yakin;Rezeki datang bersama doa;Berhembus angin di musim dingin;Awan berarak ke samudera;;
17;Siapa yang tidak memegang panah;Pasti dia tidak punya ancaman;Siapa yang tidak memegang amanah;Pasti dia tidak membawa iman;Air jernih di dalam tadah;Ikan berenang di kolam taman;;
18;jalanjalan ke kota padang;perut lapar memakan roti;lisan tajam bagaikan pedang;hatihati jangan sampai menyakiti;Ombak bergulung di tepi karang;Camar terbang tinggi sekali;;
19;ke sawah membawa pahat;pulangnya bawa seikat kayu;ada kamis sebelum jumat;dan semua orang juga tahu;Hujan turun dengan lebat;Angin bertiup ke pohon bambu;;
20;Begitu indah alam semesta;Lebih indah dari mutiara;Apakah tanda hatinya cinta;Penuh kasih bersikap mesra;Indah nian warna semesta;Cahaya surya di khatulistiwa;;
21;ambil manggis dengan galah;masukkan manggis dalam kardus;dari anakmu yang banyak salah;meminta maaf dengan tulus;Padi menguning di tengah sawah;Air mengalir ke arah arus;;
22;Pergi ke sawah menanam padi;Singgah sebentar membeli kain;Kalau belajar sungguh di hati;Ilmu didapat manfaatnya lain;Hinggap nuri di dahan jati;Embun menetes di pucuk beringin;;
23;ada rabu setelah selasa;pergi memancing hari dah senja;teruslah berjaya wahai indonesia;di bumi pertiwi goreskan cerita;Mentari terbit di ufuk mulia;Ombak memecah di karang permata;;
24;setelah mandi bersihkan kasur;sebelum pergi ke sekolah;kalo ompong tertawa menyembur;teman di sebelah pasti marah;Menanam jagung di tanah subur;Pucuk pisang patah di pelepah;;
25;jikalau ada bangunan roboh;maka benahi supaya benar;jikalau ada teman yang bodoh;maka bimbinglah supaya pintar;Burung puyuh terbang menjodoh;Menatap langit awan berpendar;;
26;Pohon mahoni lurus batangnya;Daunnya rimbun tempat berteduh;Jika hidup jaga akhlaknya;Langkah pasti terasa teguh;Pohon kelapa tinggi batangnya;Suara air jatuh gemuruh;;
27;pisau menggores menjadi luka;rasanya sakit amatlah pedih;cukup sekian dari saya;saya haturkan terima kasih;Bunga melur putih warnanya;Dipetik satu di taman kasih;;
28;pagi hari langsung sarapan;minum teh dan makan roti kelapa;dari semua mata pelajaran;hanya olahraga yang aku suka;Memanen padi di tengah pekan;Angin bertiup di dahan nangka;;
29;bunga melur dalam jambangan;di tepi kolam menjadi hiasan;kucipta pantun buat renungan;semarak nilam empunya wawasan;Indah fajar di balik awan;Embun menetes di dedaunan;;
30;Air telaga ditimba petang;Disimpan dalam kendi tua;Jika ingin hidup dikenang;Budi baik jadi pusaka;Cahaya bulan terang benderang;Tumbuh melur di tepi cempaka;;
31;Pelangi indah sesudah hujan;Warna lembut menghias angkasa;Jika kasih tiada sempadan;Mengapa luka masih terasa;Berlayar jauh mencari sampan;Angin berhembus di tengah masa;;
32;pergi haji ke kota mekah;jangan lupa bawa kedondong;orang yang rajin sedekah;insya aallah masuk surga dong;Menanam padi di tengah sawah;Membeli duku di dalam lorong;;
33;istirahat di dekat perhentian;lebih nyaman duduk di taman;cewek cantik dan pengertian;cocoknya dijadikan sebagai teman;Berjalan jauh masuk ke hutan;Singgah berteduh di rumah paman;;
34;amalan membaca amalan mulia;dituntut agama dan juga bangsa;insan membaca banyak ilmunya;bekalan hidup sepanjang masa;Indah mawar karena warnanya;Tumbuh melati di taman rasa;;
35;Pagi hari menimba sumur;Air jernih disimpan kendi;Jika ingin hati bersyukur;Terima takdir dengan rela hati;Akar pohon tertanam terkubur;Hinggap nuri di dahan jati;;
36;Pohon ara berdaun lebat;Menjadi teduh kala siang;Jika usaha dibuat hebat;Cita tinggi bukan sekadar bayang;Menanam padi di tanah liat;Burung terbang tinggi melayang;;
37;apalah tanda batang tebu;batang tebu halus uratnya;apalah tanda orang berilmu;orang berilmu halus sifatnya;Terbang burung ke pohon jambu;Lebat sekali buah rantingnya;;
38;Ke Purwodadi membeli barang;Barang langka modelnya lama;Jangan peduli gunjingan orang;Asal benar sesuai agama;Ombak memecah di tepi karang;Awan berarak indah berwarna;;
39;Jangan suka mencabut padi;Kalau dicabut hilang buahnya;Jangan suka menyebut budi;Kalau disebut hilang tuahnya;Pohon manggis lebat menjadi;Jatuh sebiji di atas tanahnya;;
40;jika kamu pergi ke dusun;jangan lupa membawa beras;belajarlah kamu dengan tekun;agar nanti jadi naik kelas;Pohon bambu tumbuh merumpun;Tebang sebatang buat pengalas;;
41;Kalau tahu peria itu pahit;Tidak ku gulai dengan petola;Kalau tahu bercinta itu sakit;Tidak ku mulai dari semula;Memanjat bukit mencari rakit;Pohon pala di tepi jala;;
42;di bandar banyak yang terpaku;hilir mudik kanan dan kiri;tak kan pudar kasih sayangku;tambah erat hari ke hari;Berarak awan di langit biru;Mekar melati di pagi hari;;
43;bambu rotan menjadi kursi;rumput ilalang menjadi atap;sejak ayam itu jadi polisi;banyak elang yang cepat tertangkap;Tumbuh selasih di tepi kursi;Air tenang ikan tertangkap;;
44;berjalan kaki ke sekolah;jangan sampai datang terlambat;selamat datang rabu yang cerah;selamat pagi untuk para sahabat;Bunga merah mekar merekah;Kayu jati batangnya lebat;;
45;jelekjelekin user tik tok;emangnya kamu yg paling benar;tak mengapa banyak yg mengolokolok;mending kita banyakin istighfar;Burung pelatuk di atas balok;Angin berhembus kian mendampar;;
46;Bunga melati harum baunya;Disiram embun waktu pagi;Jika budi elok lakunya;Semua orang senang hati;Pohon kelapa banyak buahnya;Hinggap merpati di dahan jati;;
47;kalau hendak memangsa tikus;carilah di kolong kolong parit;kalau tidak cermat dan serius;ingin pintar sangatlah sulit;Batang bambu tumbuh lurus;Pohon benalu melilit kulit;;
48;dari mana hendak ke mana;dari desa hendak ke kota;jika boleh saya bertanya;bunga yang cantik siapa yang punya;Indah warnanya si bunga raya;Di tengah taman banyak buahnya;;
49;Langit luas membiru tenang;Burung camar terbang beriring;Jika kasih bukan sekadar bayang;Mengapa luka masih beriring;Burung terbang tinggi melayang;Daun kering jatuh berdering;;
50;tukang becak memakai topi;berwarna hijau di pinggir jalan;hadirmu tak seindah mimpi;saat kau masih dalam khayalan;Burung nuri di pohon kopi;Mentari terbit di balik awan;;
51;Dina merenung suaranya sumbang;Duduk bersantai dan telah pasrah;Dia berdengung tapi bukan kumbang;Punya belalai namun bukan gajah;;;;
52;pulang sekolah hari hujan;basah kuyup si supir kenek;semangat dipupuk hendak ujian;agar nilaimu tidak jelek;;;;
53;harga mangga sembilan ribu;ditambah pula beli apel merah;jika ingin disayang ibu;jangan sering buatnya marah;;;;
54;memasak air ambillah kayu;jangan ambil si akar rotan;jauh dari rumah mengingatkanku;akan kerinduan kampung halaman;;;;
55;orang sakit naik kursi roda;mengayuh sendiri dengan tangan;kecantikan tak menjamin bahagia;akhlakmu lah yang membuatku bertahan;;;;
56;berguna hidup karena beradat;adat lembaga jadi pakaian;sempurna hidup karena syahadat;syahadat dijaga mengokohkan iman;;;;
57;ke kebun panen daun keladi;untuk dimasak sore hari;esok hari telah menanti;tidurlah nyenyak malam ini;;;;
58;Pergi ke pasar membeli ikan;Ikan segar jadi hidangan;Belajar sabar dalam tekanan;Agar kuat menghadapi cobaan;;;;
59;Burung walet terbang berputar;Mencari makan di udara;Jika ingin hidupmu benar;Jaga amanah dengan setia;;;;
60;Bunga tanjung di tepi pagar;Harumnya lembut menusuk rasa;Jika hidup mahu segar;Hidupkan cinta pada budaya;;;;
61;Ranting sena berbalut embun;Bunga cempaka gugur sekuntum;Jika santun jadi pantun;Indah tutur lembut berhukum;;;;
62;hari ini menjual jagung;hari esok menjual jelai;hari ini kita berkampung;hari esok kita bercerai;;;;
63;Duka tersentak renggut ceria;Selaksa tanya bantah problema;Ketika jejak di sudut usia;Tersisa hanya sebuah nama;;;;
64;Sirih berlipat sirih pinang;Sirih dari Pulau Mutiara;Adat dijunjung pusaka dikenang;Budi bahasa penyeri negara;;;;
65;Kayu meranti dibuat papan;Disusun rapi jadi dinding;Jika ingin capai harapan;Jangan malas belajar dan berunding;;;;
66;tamasya ke kota bogor;jangan lupa ke kebun raya;meski kau sudah tersohor;jangan lupakan ayah bunda;;;;
67;amalan membaca budaya mulia;ilmu bertambah amat berharga;hidup bahagia dengan membaca;jadikan membaca khazanah bangsa;;;;
68;pohon jati kuat kayunya;pohon nyiur tinggi batangnya;murid pandai banyak ilmunya;bekal bagi nusa bangsanya;;;;
69;ambil bambu jadikan jembatan;jembatan tempat jalannya si tuan;merantau jauh dari kalimantan;belajar bersama dengan kalian;;;;
70;buah kelat waktu dirasa;meludah lagi kalau tak nyaman;wahai pejabat serta pengusaha;bantulah kami para seniman;;;;
71;Pergi berlayar saat fajar;Ombak kecil memecah perahu;Jika usaha terus dikejar;Sukses akan datang padamu;;;;
72;buah durian banyak durinya;isinya lunak bijinya keras;sudah dimakan tidak meminta;kini hendak diberi seulas;;;;
73;ke pontianak beli kopiah;kopiah indah kau dapati;begitu banyak gadis yang singgah;hanya adinda yang memikat hati;;;;
74;Pergi ke taman memetik delima;Delima merah manis rasanya;Ilmu dan adab harus bersama;Agar hidup penuh maknanya;;;;
75;jika ada jarum yang patah;jangan disimpan didalam peti;jika ada kata yang salah;jangan di simpan dalam hati;;;;
76;samudera hindia airnya biru;dilewati oleh kapal feri;cinta terjalin di malam itu;saat tahun mulai berganti;;;;
77;Cempaka putih di serambi istana;Harumnya lembut menyentuh rasa;Jika akal dijaga sempurna;Terselamat insan dari angkara;;;;
78;manis rasanya buah jambu;minumnya dengan jus tomat;gimana mau main hari minggu;cucian numpuk banyak amat;;;;
79;ada lagu gundul gundul pacul;dari jawa ia berasal;banyak gaya dalam bergaul;tanpa bercermin dari mana asal;;;;
80;Pergi ke kebun membawa keranjang;Memetik buah yang telah matang;Kalau ingin hidup cemerlang;Rajin belajar siang dan petang;;;;
81;kurang makan badan kurus;ada peci disebut songkok;bayangbayang tak akan lurus;dari pohon yang tumbuh bengkok;;;;
82;hujan malam turun perlahan;cahaya lampu memantul jalan;alam menjaga dalam keheningan;menyimpan damai dalam kegelapan;;;;
83;Pergi jauh membawa bekal;Demi bekerja dengan giat;Orang beriman orang berakal;Tak korbankan hidup sesaat;;;;
84;asah parang untuk membabat;petin pepaya untuk dimakan;seimbangkan dunia dan akhirat;dengan ilmu dan juga iman;;;;
85;deket muara ada madu dan jamu;nonton tv sambil minum jamu;gara gara rindu sama kamu;lihat sapi pun seolaholah kamu;;;;
86;jangan pergi mandi di lombong;emak dan kakak sedang mencuci;jangan suka bercakap bohong;semua kawan akan membenci;;;;
87;bulan purnama si terang bulan;anak bujang bernyanyi syahdu;puji syukur kami ucapkan;atas kedatanganmu hai guru baru;;;;
88;pulang sekolah pakai sepeda;ditengah jalan hujan tiba;ayo kawan masuk pramuka;melatih diri mencipta karya;;;;
89;Pohon kelapa tumbuh tinggi;Buahnya jatuh di tepi kali;Jika ingin hidup berarti;Hormati orang tua setiap hari;;;;
90;pergi ke kota membeli paku;paku dibungkus plastik biru;bukannya aku nggak lakulaku;tapi ku sedang nunggu jandamu;;;;
91;Burung kecil terbang tinggi;Hinggap manis di pohon jati;Ingat mati setiap hari;Supaya lembut hati ini;;;;
92;Rumah di parit terlihat permai;Pedagang kecil jualan siomai;Kalau ke masjid tidak ramai;Pastinya sulit tercipta damai;;;;
93;Bintang timur bersinar terang;Menemani malam yang sunyi;Jika hidup mahu dikenang;Tinggalkan jasa dan budi;;;;
94;air kelapa enak rasanya;walau basah amat senangnya;barang siapa dunia citacitanya;pasti susah jalan hidupnya;;;;
95;naik kuda tanpa pelana;kuda lari tak beraturan;jadi murid harus bijaksana;agar disayang guru dan teman;;;;
96;buah jeruk ada dimeja;ada pisau di dalam laci;diri ini bukan pujangga;tapi ini letupan rindu hati;;;;
97;Burung pipit terbang rendah;Hinggap sebentar di pohon cemara;Jika hati selalu ramah;Banyak sahabat datang menyapa;;;;
98;Pergi ke taman menatap senja;Langit jingga menutup hari;Jika hidup ingin bahagia;Ikhlas menerima yang terjadi;;;;
99;ke rumah teman naik sepeda;membawa tas dan juga buku;met ultah suami tercinta;tetaplah jadi pria hebatku;;;;
100;minum jamu sehatkan raga;makan buah sehatkan mata;kumpulkan ilmu dalam dada;amalkan ia di kehidupan nyata;;;;
