id,text_pantun,baris_sampiran,baris_isi,skema_rima,jumlah_suku_kata,baris_gt12,maks_suku_kata
8,"Ada preman terlihat sangar\nPolisi datang, badannya gemetar\nBila adzan sudah terdengar\nSegala kegiatan tinggalkan sebentar","Ada preman terlihat sangar\nPolisi datang, badannya gemetar",Bila adzan sudah terdengar\nSegala kegiatan tinggalkan sebentar,a-a-a-a,"[9, 11, 9, 13]",4,13
126,Anak padi semakin tumbuh\nbumi tersadai tanaman menjalur\ninsan dibumi semakin jauh\nsunnatullah semakin keliru diatur,Anak padi semakin tumbuh\nbumi tersadai tanaman menjalur,insan dibumi semakin jauh\nsunnatullah semakin keliru diatur,a-b-a-b,"[9, 11, 9, 13]",4,13
185,Awan membeku timbul airsalju\nbertepek digunung menggegel badanku\ncuaca sejuk nikmat terkedu\nYa Allah nikmatmu hingga iman membeku,Awan membeku timbul airsalju\nbertepek digunung menggegel badanku,cuaca sejuk nikmat terkedu\nYa Allah nikmatmu hingga iman membeku,a-a-a-a,"[10, 12, 10, 13]",4,13
191,Ayuhlah buah usahlah gayat\nBuah dibeli di Tanjung Tuan\nRukun negara cetusan rakyat\nHidup bersama tercapailah perpaduan,Ayuhlah buah usahlah gayat\nBuah dibeli di Tanjung Tuan,Rukun negara cetusan rakyat\nHidup bersama tercapailah perpaduan,a-b-a-b,"[10, 10, 10, 13]",4,13
475,Burung kutilang bernyanyi pagi\nHinggap sebentar di dahan cemara\nJika ilmu sudah dimiliki\nGunakanlah untuk sesama manusia,Burung kutilang bernyanyi pagi\nHinggap sebentar di dahan cemara,Jika ilmu sudah dimiliki\nGunakanlah untuk sesama manusia,a-b-a-b,"[10, 11, 10, 13]",4,13
479,Burung merak di taman larangan\nMengembangkan bulu penuh seri\nJika bijaksana memimpin haluan\nMakmurlah negeri aman sentosa diri,Burung merak di taman larangan\nMengembangkan bulu penuh seri,Jika bijaksana memimpin haluan\nMakmurlah negeri aman sentosa diri,a-b-a-b,"[10, 10, 12, 13]",4,13
509,Burung nuri terbang berdua\nHinggap damai di tepi telaga\nHidup rukun sesama manusia\nMembuat dunia terasa bahagia,Burung nuri terbang berdua\nHinggap damai di tepi telaga,Hidup rukun sesama manusia\nMembuat dunia terasa bahagia,a-a-a-a,"[9, 10, 11, 13]",4,13
525,Burung nuri terbang tinggi\nSayap berkilau tertimpa cahaya\nJika hidup ingin berarti\nBermanfaat bagi sesama manusia,Burung nuri terbang tinggi\nSayap berkilau tertimpa cahaya,Jika hidup ingin berarti\nBermanfaat bagi sesama manusia,a-b-a-b,"[8, 11, 9, 13]",4,13
530,Burung perkutut terbang ke taman\nSinggah sejenak melihat berlian\nKatanya cinta tak pernah bosan\nBaru seminggu sudah cari pelarian,Burung perkutut terbang ke taman\nSinggah sejenak melihat berlian,Katanya cinta tak pernah bosan\nBaru seminggu sudah cari pelarian,a-a-a-a,"[10, 11, 10, 13]",4,13
533,Burung pipit hinggap di pagar\nBernyanyi kecil memecah sepi\nJika hidup terasa berputar-putar\nTenangkan hati dan evaluasi diri,Burung pipit hinggap di pagar\nBernyanyi kecil memecah sepi,Jika hidup terasa berputar-putar\nTenangkan hati dan evaluasi diri,a-b-a-b,"[9, 10, 12, 13]",4,13
603,Dari mana mencari si buah keranji\nEmbun menitis di hujung sena\nAlasan dicari bukti dikaji\nPemikiran kritis berhasil di mana,Dari mana mencari si buah keranji\nEmbun menitis di hujung sena,Alasan dicari bukti dikaji\nPemikiran kritis berhasil di mana,a-b-a-b,"[13, 10, 11, 12]",1,13
626,Daun sirih ditaruh rapi\nDi atas nampan berkilau cahaya\nHidup indah jika berbagi\nTanpa pamrih tanpa upaya sia-sia,Daun sirih ditaruh rapi\nDi atas nampan berkilau cahaya,Hidup indah jika berbagi\nTanpa pamrih tanpa upaya sia-sia,a-b-a-b,"[8, 11, 9, 13]",4,13
675,Enak rasanya si buah anggur\nSedap dimakan bersama kelapa\nAmalan pemimpin semakin luntur\nSiapakah pengkhianat musuh negara,Enak rasanya si buah anggur\nSedap dimakan bersama kelapa,Amalan pemimpin semakin luntur\nSiapakah pengkhianat musuh negara,a-b-a-b,"[10, 11, 11, 13]",4,13
688,Habis dikerat dicincang lumat\nPatinya diaduk dijadikan obat\nDunia akhirat takkan selamat\nKecuali minta ampun nasuha tobat,Habis dikerat dicincang lumat\nPatinya diaduk dijadikan obat,Dunia akhirat takkan selamat\nKecuali minta ampun nasuha tobat,a-a-a-a,"[10, 12, 11, 13]",4,13
708,Hasrat di hati hendak ke tanjung\nBoleh berjumpa ramai sahabat\nBulat air kerana pembetung\nBulat manusia kerana muafakat,Hasrat di hati hendak ke tanjung\nBoleh berjumpa ramai sahabat,Bulat air kerana pembetung\nBulat manusia kerana muafakat,a-b-a-b,"[10, 10, 9, 13]",4,13
721,Hilir rakit berkajang kain\nDimana teluk singgah bertimba\nNiatku bukan pada yang lain\nAdinda seorang tiada yang kedua,Hilir rakit berkajang kain\nDimana teluk singgah bertimba,Niatku bukan pada yang lain\nAdinda seorang tiada yang kedua,a-b-a-b,"[8, 10, 9, 13]",4,13
743,Indah sungguh cahaya pelita\nBila dipasang malam raya\nSungguh beruntung saya ada keluarga\nKami hidup saling rasa bahagia,Indah sungguh cahaya pelita\nBila dipasang malam raya,Sungguh beruntung saya ada keluarga\nKami hidup saling rasa bahagia,a-a-a-a,"[10, 9, 13, 12]",3,13
801,Kalau tuan pergi ke pantai\nKiriman saya sebiji delima\nKalau tuan bijak dan pandai\nSiapakah Perdana Menteri kelima,Kalau tuan pergi ke pantai\nKiriman saya sebiji delima,Kalau tuan bijak dan pandai\nSiapakah Perdana Menteri kelima,a-b-a-b,"[9, 11, 9, 13]",4,13
810,Kapal dagang singgah sebentar\nMengisi bekal di pelabuhan\nJika hidup mahu lancar\nSediakan rencana sebelum berjalan,Kapal dagang singgah sebentar\nMengisi bekal di pelabuhan,Jika hidup mahu lancar\nSediakan rencana sebelum berjalan,a-b-a-b,"[9, 10, 8, 13]",4,13
866,Ke kebun kecil memetik tomat\nTomat merah tampak berseri\nJika ingin hidup selamat\nBiasakan diri berbuat baik setiap hari,Ke kebun kecil memetik tomat\nTomat merah tampak berseri,Jika ingin hidup selamat\nBiasakan diri berbuat baik setiap hari,a-b-a-b,"[10, 9, 9, 15]",4,15
873,Ke kebun memetik pepaya\nPepaya muda dibuat rujak\nHidup bahagia bukan semata harta\nNamun hati yang tak retak,Ke kebun memetik pepaya\nPepaya muda dibuat rujak,Hidup bahagia bukan semata harta\nNamun hati yang tak retak,a-b-a-b,"[9, 10, 13, 8]",3,13
884,Ke kota lama membeli buku\nBuku dibaca di waktu senggang\nJika ingin wawasan bertambah selalu\nLuangkan waktu untuk belajar tenang,Ke kota lama membeli buku\nBuku dibaca di waktu senggang,Jika ingin wawasan bertambah selalu\nLuangkan waktu untuk belajar tenang,a-b-a-b,"[10, 10, 13, 12]",3,13
926,Ke pasar pagi membeli tomat\nTomat merah tampak berseri\nJika ingin hidup selamat\nJangan lupa berbuat baik setiap hari,Ke pasar pagi membeli tomat\nTomat merah tampak berseri,Jika ingin hidup selamat\nJangan lupa berbuat baik setiap hari,a-b-a-b,"[10, 9, 9, 13]",4,13
957,Ke taman hijau duduk berteduh\nAngin lembut menyejukkan jiwa\nJika hidup ingin tetap utuh\nPegang prinsip dalam segala suasana,Ke taman hijau duduk berteduh\nAngin lembut menyejukkan jiwa,Jika hidup ingin tetap utuh\nPegang prinsip dalam segala suasana,a-b-a-b,"[10, 10, 10, 13]",4,13
972,Ke taman membawa payung\nLangit cerah tak ada hujan\nKatanya wajah selalu ayu dan agung\nBangun tidur bikin kaget teman,Ke taman membawa payung\nLangit cerah tak ada hujan,Katanya wajah selalu ayu dan agung\nBangun tidur bikin kaget teman,a-b-a-b,"[8, 9, 13, 10]",3,13
982,Ke tepi pantai melihat karang\nAir laut biru berkilauan\nJika ingin hidup terasa lapang\nKurangi keluh perbanyak syukur harian,Ke tepi pantai melihat karang\nAir laut biru berkilauan,Jika ingin hidup terasa lapang\nKurangi keluh perbanyak syukur harian,a-b-a-b,"[10, 8, 11, 13]",4,13
990,Kecap asin tidak butuh diseduh\nJolok mangga dengan galah panjang\nSilap sedikit segera selingkuh\nTersebut dia lelaki mata keranjang,Kecap asin tidak butuh diseduh\nJolok mangga dengan galah panjang,Silap sedikit segera selingkuh\nTersebut dia lelaki mata keranjang,a-b-a-b,"[11, 10, 11, 13]",4,13
1036,Langkah sumbang sindirkan lantai\nBinasa badan bicara tak kawal\nPinggiran ketuanan negara tergadai\nHilang maruah bangsa terjual,Langkah sumbang sindirkan lantai\nBinasa badan bicara tak kawal,Pinggiran ketuanan negara tergadai\nHilang maruah bangsa terjual,a-b-a-b,"[9, 11, 13, 10]",3,13
1057,Makan tahu bumbu petis\nDuduk sendiri sambil merenung\nAku bukan lelaki romantis\nNamun kesetiaanku setinggi gunung,Makan tahu bumbu petis\nDuduk sendiri sambil merenung,Aku bukan lelaki romantis\nNamun kesetiaanku setinggi gunung,a-b-a-b,"[8, 10, 10, 13]",4,13
1067,Marilah dengar wahai teman\nMendengar sambil makan pegaga\nPastikan badan bebas kuman\nAgar kesihatan sentiasa terjaga,Marilah dengar wahai teman\nMendengar sambil makan pegaga,Pastikan badan bebas kuman\nAgar kesihatan sentiasa terjaga,a-b-a-b,"[9, 10, 9, 13]",4,13
1069,Masih banyak perjuangan kita\nIngatlah semangat ketika Merdeka\nSatukan hati dan kerahkan usaha\nAgar tercapai jua impian merdeka,Masih banyak perjuangan kita\nIngatlah semangat ketika Merdeka,Satukan hati dan kerahkan usaha\nAgar tercapai jua impian merdeka,a-a-a-a,"[10, 12, 12, 13]",4,13
1270,Pagi hari menata buku\nBuku lama disusun rapi\nJika ingin wawasan bertambah selalu\nRajin membaca setiap hari,Pagi hari menata buku\nBuku lama disusun rapi,Jika ingin wawasan bertambah selalu\nRajin membaca setiap hari,a-b-a-b,"[9, 9, 13, 10]",3,13
1279,Pagi hari menyapu halaman\nDaun gugur dikumpulkan rapi\nJika ingin hidup berkesan\nBiasakan berbuat baik setiap hari,Pagi hari menyapu halaman\nDaun gugur dikumpulkan rapi,Jika ingin hidup berkesan\nBiasakan berbuat baik setiap hari,a-b-a-b,"[10, 9, 9, 13]",4,13
1312,Perahu dagang belayar jauh\nLayar dikibar menongkah arus\nJika tekad telah kukuh\nHalangan datang tiada mengusik lurus,Perahu dagang belayar jauh\nLayar dikibar menongkah arus,Jika tekad telah kukuh\nHalangan datang tiada mengusik lurus,a-b-a-b,"[9, 10, 8, 13]",4,13
1342,Pergi ke Samudra mengarungi dunia\nBekal habis di Tengah perjalanan\nKita ini hanya manusia\nTak pantas jadi idaman,Pergi ke Samudra mengarungi dunia\nBekal habis di Tengah perjalanan,Kita ini hanya manusia\nTak pantas jadi idaman,a-b-a-b,"[13, 11, 10, 8]",1,13
1343,Pergi ke bukit melihat senja\nLangit jingga indah warnanya\nJika ingin hidup sejahtera\nBersyukur selalu atas karunia-Nya,Pergi ke bukit melihat senja\nLangit jingga indah warnanya,Jika ingin hidup sejahtera\nBersyukur selalu atas karunia-Nya,a-a-a-a,"[10, 9, 10, 13]",4,13
1399,Pergi ke hutan mencari rotan\nRotan diikat menjadi anyaman\nJika ingin hidup penuh kebaikan\nBiasakan tolong tanpa pamrih balasan,Pergi ke hutan mencari rotan\nRotan diikat menjadi anyaman,Jika ingin hidup penuh kebaikan\nBiasakan tolong tanpa pamrih balasan,a-a-a-a,"[10, 11, 11, 13]",4,13
1429,Pergi ke kebun memetik markisa\nMarkisa asam segar rasanya\nJika hidup ingin bahagia terasa\nSyukuri kecil hingga besarnya,Pergi ke kebun memetik markisa\nMarkisa asam segar rasanya,Jika hidup ingin bahagia terasa\nSyukuri kecil hingga besarnya,a-a-a-a,"[11, 10, 13, 10]",3,13
1435,Pergi ke kebun memetik pepaya\nPepaya masak warnanya cerah\nJika hidup ingin terasa bahagia\nHati bersih jauhkan amarah,Pergi ke kebun memetik pepaya\nPepaya masak warnanya cerah,Jika hidup ingin terasa bahagia\nHati bersih jauhkan amarah,a-b-a-b,"[11, 10, 13, 9]",3,13
1459,Pergi ke kota membeli buku\nBuku lama dibaca ulang\nJika ingin wawasan bertambah selalu\nRajin belajar janganlah hilang,Pergi ke kota membeli buku\nBuku lama dibaca ulang,Jika ingin wawasan bertambah selalu\nRajin belajar janganlah hilang,a-b-a-b,"[10, 9, 13, 10]",3,13
1462,Pergi ke kota membeli buku\nBuku tebal penuh ilmu\nJika hidup ingin selalu maju\nIsi diri dengan pengetahuan baru,Pergi ke kota membeli buku\nBuku tebal penuh ilmu,Jika hidup ingin selalu maju\nIsi diri dengan pengetahuan baru,a-a-a-a,"[10, 8, 11, 13]",4,13
1492,Pergi ke ladang melihat awan\nAwan putih berarak pelan\nJika hidup ingin penuh harapan\nYakin usaha tak sia-sia dilakukan,Pergi ke ladang melihat awan\nAwan putih berarak pelan,Jika hidup ingin penuh harapan\nYakin usaha tak sia-sia dilakukan,a-a-a-a,"[10, 9, 11, 14]",4,14
1505,Pergi ke ladang membawa bekal\nBekal sederhana pengganjal lapar\nJika ingin tujuan tercapai optimal\nRencanakan langkah dengan sabar,Pergi ke ladang membawa bekal\nBekal sederhana pengganjal lapar,Jika ingin tujuan tercapai optimal\nRencanakan langkah dengan sabar,a-b-a-b,"[10, 11, 13, 10]",3,13
1519,Pergi ke ladang memetik ketela\nKetela rebus dimakan hangat\nJika hidup ingin penuh cela tiada\nPerbaiki diri setiap saat,Pergi ke ladang memetik ketela\nKetela rebus dimakan hangat,Jika hidup ingin penuh cela tiada\nPerbaiki diri setiap saat,a-b-a-b,"[11, 10, 13, 10]",3,13
1550,Pergi ke pantai melihat perahu\nPerahu kecil berlayar tenang\nJika hidup ingin punya tujuan tentu\nTetapkan arah jangan bimbang,Pergi ke pantai melihat perahu\nPerahu kecil berlayar tenang,Jika hidup ingin punya tujuan tentu\nTetapkan arah jangan bimbang,a-b-a-b,"[11, 10, 13, 9]",3,13
1555,Pergi ke pantai memandang laut\nLaut luas berkilau cahaya\nJika hidup ingin selalu tertaut\nPelihara kasih sesama manusia,Pergi ke pantai memandang laut\nLaut luas berkilau cahaya,Jika hidup ingin selalu tertaut\nPelihara kasih sesama manusia,a-b-a-b,"[9, 9, 11, 13]",4,13
1585,Pergi ke pasar membeli ketela\nKetela rebus hangat dimakan\nJika hidup ingin penuh cela tiada\nPerbaiki diri dari kesalahan,Pergi ke pasar membeli ketela\nKetela rebus hangat dimakan,Jika hidup ingin penuh cela tiada\nPerbaiki diri dari kesalahan,a-b-a-b,"[11, 10, 13, 11]",3,13
1649,Pergi ke sungai melihat perahu\nPerahu kecil terikat tali\nJika hidup ingin punya tujuan tentu\nArahkan langkah sejak dini,Pergi ke sungai melihat perahu\nPerahu kecil terikat tali,Jika hidup ingin punya tujuan tentu\nArahkan langkah sejak dini,a-b-a-b,"[11, 10, 13, 9]",3,13
1661,Pergi ke sungai membawa jala\nJala ditebar menanti ikan\nJika hidup ingin jiwa bahagia\nIkhlas menerima segala ketentuan,Pergi ke sungai membawa jala\nJala ditebar menanti ikan,Jika hidup ingin jiwa bahagia\nIkhlas menerima segala ketentuan,a-b-a-b,"[10, 10, 12, 13]",4,13
1685,Pergi ke taman melihat angsa\nAngsa putih berenang perlahan\nHidup bahagia bukan harta semata\nNamun hati yang penuh ketulusan,Pergi ke taman melihat angsa\nAngsa putih berenang perlahan,Hidup bahagia bukan harta semata\nNamun hati yang penuh ketulusan,a-b-a-b,"[10, 10, 13, 11]",3,13
1689,Pergi ke taman melihat bunga\nBunga mekar indah warnanya\nJika hidup ingin penuh makna\nBerbagi bahagia pada sesamanya,Pergi ke taman melihat bunga\nBunga mekar indah warnanya,Jika hidup ingin penuh makna\nBerbagi bahagia pada sesamanya,a-a-a-a,"[10, 9, 10, 13]",4,13
1697,Pergi ke taman melihat kenari\nKenari hinggap di dahan cemara\nJika hidup ingin berarti\nBermanfaat bagi sesama manusia,Pergi ke taman melihat kenari\nKenari hinggap di dahan cemara,Jika hidup ingin berarti\nBermanfaat bagi sesama manusia,a-b-a-b,"[11, 11, 9, 13]",4,13
1718,Pergi ke taman memetik kenanga\nHarumnya semerbak terbawa angin\nJika hidup ingin terasa bahagia\nSyukuri nikmat yang telah terjamin,Pergi ke taman memetik kenanga\nHarumnya semerbak terbawa angin,Jika hidup ingin terasa bahagia\nSyukuri nikmat yang telah terjamin,a-b-a-b,"[11, 11, 13, 11]",3,13
1728,Pergi ke taman menanam bunga\nBunga mekar harum baunya\nJika hidup ingin terasa indah juga\nJaga tutur dan lakunya,Pergi ke taman menanam bunga\nBunga mekar harum baunya,Jika hidup ingin terasa indah juga\nJaga tutur dan lakunya,a-a-a-a,"[10, 8, 13, 8]",3,13
1835,Pohon tualang di Kampung Sirusa\nTempat berteduh zaman berzaman\nHarapan negara harapan bangsa\nKeluarga penyayang realisasi impian,Pohon tualang di Kampung Sirusa\nTempat berteduh zaman berzaman,Harapan negara harapan bangsa\nKeluarga penyayang realisasi impian,a-b-a-b,"[11, 10, 11, 15]",4,15
1854,Purnama mengambang di ufuk timur\nCahayanya jatuh ke riak kali\nJika janji terpatri luhur\nKhianat kecil takkan menyelinap diri,Purnama mengambang di ufuk timur\nCahayanya jatuh ke riak kali,Jika janji terpatri luhur\nKhianat kecil takkan menyelinap diri,a-b-a-b,"[11, 11, 9, 13]",4,13
1929,Sungguh nikmat bahagia bersama\nBersama menghabiskan waktu kosong\nDoa tanpa usaha adalah percuma\nUsaha tanpa doa adalah sombong,Sungguh nikmat bahagia bersama\nBersama menghabiskan waktu kosong,Doa tanpa usaha adalah percuma\nUsaha tanpa doa adalah sombong,a-b-a-b,"[11, 11, 13, 12]",3,13
1930,Sungguhlah besar taman Seri Mahkota\nTempat bermain bidadari Lela Utama\nSungguhlah benar bagi orang yang takwa\nAda tempat yang aman dan bahagia,Sungguhlah besar taman Seri Mahkota\nTempat bermain bidadari Lela Utama,Sungguhlah benar bagi orang yang takwa\nAda tempat yang aman dan bahagia,a-a-a-a,"[12, 13, 12, 12]",2,13
1997,burung camar terbang ke laut\nombak berkejar di pantai biru\nilmu yang benar menuntun laut\nhidup selamat dunia akhirat tentu,burung camar terbang ke laut\nombak berkejar di pantai biru,ilmu yang benar menuntun laut\nhidup selamat dunia akhirat tentu,a-b-a-b,"[8, 10, 9, 13]",4,13
2052,pergi kepantai melihat ombak\npasir putih membentang luas\nmenunntut ilmu jangan terjebak\npada niat dunia semata dan puas,pergi kepantai melihat ombak\npasir putih membentang luas,menunntut ilmu jangan terjebak\npada niat dunia semata dan puas,a-b-a-b,"[10, 9, 10, 13]",4,13
2061,tikus dono dari dukun\ndi buang karena bawa sial\nkamu tak tergantikan oleh apapun\nkarena bagiku kamu itu spesial,tikus dono dari dukun\ndi buang karena bawa sial,kamu tak tergantikan oleh apapun\nkarena bagiku kamu itu spesial,a-b-a-b,"[8, 10, 12, 13]",4,13
2063,kemarin motogp di mandalika\nsekarang hari puisi sedunia\nini bukan omongan belaka\naku udah punya sertifikat setia,kemarin motogp di mandalika\nsekarang hari puisi sedunia,ini bukan omongan belaka\naku udah punya sertifikat setia,a-a-a-a,"[10, 12, 10, 13]",4,13
2069,pulang dari toko buku\ndi jalan terjebak macet\nkamu itu sebenarnya kriteriaku\ntapi sayangnya kamu matre banget,pulang dari toko buku\ndi jalan terjebak macet,kamu itu sebenarnya kriteriaku\ntapi sayangnya kamu matre banget,a-b-a-b,"[8, 8, 13, 11]",3,13
2071,di bawah pohon buah rambutan\nada dua anak wanita tertawa\napa untungnya berharap ke mantan\nkalau itu akan membuatmu kecewa,di bawah pohon buah rambutan\nada dua anak wanita tertawa,apa untungnya berharap ke mantan\nkalau itu akan membuatmu kecewa,a-b-a-b,"[10, 12, 11, 13]",4,13
2073,jadi penghasil kelapa sawit\nkok bisa minyak goreng mahal\ntentunya hatiku ini terasa sakit\nbila hubungan kita ini gagal,jadi penghasil kelapa sawit\nkok bisa minyak goreng mahal,tentunya hatiku ini terasa sakit\nbila hubungan kita ini gagal,a-b-a-b,"[10, 9, 13, 11]",3,13
2076,beberapa satpol pp di usir\nsaat berteduh di rumah warga\nkamu tak perlu khawatir\naku tuh niatnya bikin kamu bahagia,beberapa satpol pp di usir\nsaat berteduh di rumah warga,kamu tak perlu khawatir\naku tuh niatnya bikin kamu bahagia,a-b-a-b,"[10, 10, 8, 14]",4,14
2089,saat ada jaringan internet\nmereka tepuk tangan semua\ncowokmu ganteng amp glowing banget\ntapi apaapa masih minta orang tua,saat ada jaringan internet\nmereka tepuk tangan semua,cowokmu ganteng amp glowing banget\ntapi apaapa masih minta orang tua,a-b-a-b,"[10, 10, 10, 14]",4,14
2095,lagi di pinggir kolam buaya\naku bersama teman kuliahmu\nterimalah aku apa adanya\naku janji akan membahagiakanmu,lagi di pinggir kolam buaya\naku bersama teman kuliahmu,terimalah aku apa adanya\naku janji akan membahagiakanmu,a-b-a-b,"[10, 11, 11, 13]",4,13
2103,yang di bawah pohon randu\nkemarin memberi uang adikmu\nseharian ini aku di landa rindu\nmoga ntar aku bisa mimpiin kamu,yang di bawah pohon randu\nkemarin memberi uang adikmu,seharian ini aku di landa rindu\nmoga ntar aku bisa mimpiin kamu,a-a-a-a,"[8, 11, 13, 12]",3,13
2118,ramadhan ke empat belas\nbertepatan dengan hari waisak\nmilih jodoh itu emang bebas\nsatu aja yang setia jangan banyakbanyak,ramadhan ke empat belas\nbertepatan dengan hari waisak,milih jodoh itu emang bebas\nsatu aja yang setia jangan banyakbanyak,a-b-a-b,"[8, 10, 10, 14]",4,14
2123,kini pembeli kian sepi\nkata para pedagang sayur\nbisa ketemu kamu dalam mimpi\nitulah harapanku setiap mau tidur,kini pembeli kian sepi\nkata para pedagang sayur,bisa ketemu kamu dalam mimpi\nitulah harapanku setiap mau tidur,a-b-a-b,"[9, 9, 11, 13]",4,13
2124,sejak wabah virus corona\nkangen pake seragam putih abuabu\nhubungan kita lagi di karantina\nmalam minggu pun kini jadi kelabu,sejak wabah virus corona\nkangen pake seragam putih abuabu,hubungan kita lagi di karantina\nmalam minggu pun kini jadi kelabu,a-b-a-b,"[9, 13, 12, 12]",2,13
2128,di himbau tak keluar rumah\nbiar imun tubuhmu tak turun lagi\nmoga covid segera musnah\nbiar aku bisa ketemu kamu lagi,di himbau tak keluar rumah\nbiar imun tubuhmu tak turun lagi,moga covid segera musnah\nbiar aku bisa ketemu kamu lagi,a-b-a-b,"[9, 12, 9, 13]",4,13
2141,saat tadi kami bertemu\ntemanmu lagi beli roti\npengen banget mimpiin kamu\nbiar kangen ini sedikit terobati,saat tadi kami bertemu\ntemanmu lagi beli roti,pengen banget mimpiin kamu\nbiar kangen ini sedikit terobati,a-b-a-b,"[9, 9, 9, 13]",4,13
2147,virus corona ada di indonesia\ndi harap jangan terlalu panik\nselain kamu baik dan setia\nwajah dan hatimu juga cantik,virus corona ada di indonesia\ndi harap jangan terlalu panik,selain kamu baik dan setia\nwajah dan hatimu juga cantik,a-b-a-b,"[13, 10, 9, 10]",1,13
2154,ambulance partai bawa batu\norang sakit dibawa pake apa\nkalau aku boleh membantu\nbawalah cintaku biar kau bahagia,ambulance partai bawa batu\norang sakit dibawa pake apa,kalau aku boleh membantu\nbawalah cintaku biar kau bahagia,a-b-a-b,"[10, 11, 9, 13]",4,13
2155,ramadhan hari ke sembilan\nabis subuh ada yang baru pulang\njangan hanya memberi harapan\naku butuh keseriusanmu sekarang,ramadhan hari ke sembilan\nabis subuh ada yang baru pulang,jangan hanya memberi harapan\naku butuh keseriusanmu sekarang,a-b-a-b,"[9, 11, 10, 13]",4,13
2169,banyak lampu jalan mati\npara pemudik harap hatihati\naku mencintaimu sepenuh hati\ntolong cintaku ini jangan kau khianati,banyak lampu jalan mati\npara pemudik harap hatihati,aku mencintaimu sepenuh hati\ntolong cintaku ini jangan kau khianati,a-a-a-a,"[8, 11, 11, 14]",4,14
2178,ramadhan ke tiga belas\nbertepatan hari raya waisak\nhidupku kini bebas lepas\nkarena udah putus dari pacar galak,ramadhan ke tiga belas\nbertepatan hari raya waisak,hidupku kini bebas lepas\nkarena udah putus dari pacar galak,a-b-a-b,"[8, 10, 9, 13]",4,13
2182,abis berbuka puasa ketiga\nroyal wedding pangeran harry amp meghan\ntak ku sangka tak ku duga\nkita berdua kembali dipertemukan,abis berbuka puasa ketiga\nroyal wedding pangeran harry amp meghan,tak ku sangka tak ku duga\nkita berdua kembali dipertemukan,a-b-a-b,"[11, 11, 8, 13]",4,13
2204,bawa mari ke kedai cina\nkerana itu buah dagangan\nhidup kita biar sempurna\nkerana dunia ini adalah tumpangan,bawa mari ke kedai cina\nkerana itu buah dagangan,hidup kita biar sempurna\nkerana dunia ini adalah tumpangan,a-b-a-b,"[9, 10, 9, 14]",4,14
2210,hendak berlayar ke teluk betung\nsambil mencoba melabuhkan pukat\nbulat air kerana pembetung\nbulat manusia kerana muafakat,hendak berlayar ke teluk betung\nsambil mencoba melabuhkan pukat,bulat air kerana pembetung\nbulat manusia kerana muafakat,a-b-a-b,"[10, 11, 9, 13]",4,13
2299,air garam jangan diminum\nnanti digigit burung gagak\ngigi palsu lepas di depan umum\nsemua orang tertawa terbahakbahak,air garam jangan diminum\nnanti digigit burung gagak,gigi palsu lepas di depan umum\nsemua orang tertawa terbahakbahak,a-b-a-b,"[8, 9, 11, 13]",4,13
2303,hidung pesek seperti jambu\ntetap bersyukur pada pencipta\nal quran adalah jendela ilmu\nuntuk semua umat muslim di dunia,hidung pesek seperti jambu\ntetap bersyukur pada pencipta,al quran adalah jendela ilmu\nuntuk semua umat muslim di dunia,a-b-a-b,"[9, 10, 11, 13]",4,13
2310,angin sejuk di malam hari\nsilih berganti meniupi apa saja\nayah dan ibu memberi hati\nanak balas memberi segalanya,angin sejuk di malam hari\nsilih berganti meniupi apa saja,ayah dan ibu memberi hati\nanak balas memberi segalanya,a-b-a-b,"[9, 13, 10, 11]",2,13
2385,kuda liar berjalan maju\nserong kekanan dan kekiri\nkarena cinta itu bukan abuabu\ntetapi berwarna seperti pelangi,kuda liar berjalan maju\nserong kekanan dan kekiri,karena cinta itu bukan abuabu\ntetapi berwarna seperti pelangi,a-b-a-b,"[9, 9, 13, 12]",3,13
2405,banyak bulan silih ganti berdatangan\ntiada semulia bulan puasa\nbanyak tuhan mendapat pujaan\ntiada seagung tuhan yang maha esa,banyak bulan silih ganti berdatangan\ntiada semulia bulan puasa,banyak tuhan mendapat pujaan\ntiada seagung tuhan yang maha esa,a-b-a-b,"[12, 12, 10, 13]",4,13
2415,agung merenung suaranya sumbang\nduduk terbengkalai sudah pasrah\nia mendengung tapi bukan kumbang\nia punya belalai tapi bukan gajah,agung merenung suaranya sumbang\nduduk terbengkalai sudah pasrah,ia mendengung tapi bukan kumbang\nia punya belalai tapi bukan gajah,a-b-a-b,"[11, 10, 11, 13]",4,13
2416,anak kecil main ke pasar malam\nibunya pergi ia beli jajan buah\nwaktu kecil bajunya hitam\nsudah dewasa ganti jadi merah,anak kecil main ke pasar malam\nibunya pergi ia beli jajan buah,waktu kecil bajunya hitam\nsudah dewasa ganti jadi merah,a-b-a-b,"[10, 13, 9, 11]",2,13
2421,bunga disiram tumbuh pucuknya\nharum semerbak bau wanginya\njangan takut kehilangan cinta\nmasih ada saya yang menunggu setia,bunga disiram tumbuh pucuknya\nharum semerbak bau wanginya,jangan takut kehilangan cinta\nmasih ada saya yang menunggu setia,a-a-a-a,"[10, 9, 10, 13]",4,13
2448,ada wanita yang rambutnya sebahu\nternyata dia seorang penjual jamu\nhari ini kau harus tahu\naku tak bisa hidup tanpa cintamu,ada wanita yang rambutnya sebahu\nternyata dia seorang penjual jamu,hari ini kau harus tahu\naku tak bisa hidup tanpa cintamu,a-a-a-a,"[12, 13, 9, 12]",2,13
2505,hutan lindung banyak rusa\nkakinya lincah pandai berpindah\ntidaklah diciptakan jin dan manusia\nkecuali agar mereka beribadah,hutan lindung banyak rusa\nkakinya lincah pandai berpindah,tidaklah diciptakan jin dan manusia\nkecuali agar mereka beribadah,a-b-a-b,"[8, 10, 13, 13]","3,4",13
2512,memang cantik bunga dahlia\ntumbuh bersemi di taman bunga\ntetaplah berakhlak yang mulia\nagar di akhirat hidupmu bahagia,memang cantik bunga dahlia\ntumbuh bersemi di taman bunga,tetaplah berakhlak yang mulia\nagar di akhirat hidupmu bahagia,a-a-a-a,"[9, 10, 10, 13]",4,13
2545,anak melayu wajahnya manja\nhati senang melihat pacuan\nwanita selalu terlihat menggoda\nkarena mereka adalah perhiasan,anak melayu wajahnya manja\nhati senang melihat pacuan,wanita selalu terlihat menggoda\nkarena mereka adalah perhiasan,a-b-a-b,"[10, 10, 12, 13]",4,13
2575,pergi ke pasar beli sayuran\nbeli juga sedikit pepesan\njangan merusak alam lingkungan\nitulah perintah bagi setiap insan,pergi ke pasar beli sayuran\nbeli juga sedikit pepesan,jangan merusak alam lingkungan\nitulah perintah bagi setiap insan,a-a-a-a,"[10, 10, 10, 13]",4,13
2585,air kelapa enak rasanya\nwalau basah amat senangnya\nbarang siapa dunia citacitanya\npasti susah jalan hidupnya,air kelapa enak rasanya\nwalau basah amat senangnya,barang siapa dunia citacitanya\npasti susah jalan hidupnya,a-a-a-a,"[9, 9, 13, 9]",3,13
2715,minum jamu sambil berdiri\ndi seduhnya cepat berduduk dibangku\nbila hati kamu masih sendiri\nberikanlah area untuk diri aku,minum jamu sambil berdiri\ndi seduhnya cepat berduduk dibangku,bila hati kamu masih sendiri\nberikanlah area untuk diri aku,a-b-a-b,"[9, 12, 11, 13]",4,13
2717,pasar banjar ada di kota\nperginya belanja mempunyai uang saku\nbilanya kau dikejar cinta\nsembunyilah dalam hati aku,pasar banjar ada di kota\nperginya belanja mempunyai uang saku,bilanya kau dikejar cinta\nsembunyilah dalam hati aku,a-b-a-b,"[9, 13, 9, 10]",2,13
2749,jelas sudah muram si duda\nkarena kasihnya tiada lagi asa\ntiada detik bias wajah dinda\nhingga lapar tak lagi terasa,jelas sudah muram si duda\nkarena kasihnya tiada lagi asa,tiada detik bias wajah dinda\nhingga lapar tak lagi terasa,a-a-a-a,"[9, 13, 11, 10]",2,13
2861,berbagai bentuk dan juga rasa\nperisa durian coklat dan apa saja\nwalaupun sejuk tiada terkira\nnamun disukai si kecil dan dewasa,berbagai bentuk dan juga rasa\nperisa durian coklat dan apa saja,walaupun sejuk tiada terkira\nnamun disukai si kecil dan dewasa,a-a-a-a,"[10, 13, 11, 12]",2,13
2888,stasiun tugu stasiun kereta api\ntempat jualan si tukang lapis\nhari minggu cuma nonton tipi\nmau jalan dompet dah menipis,stasiun tugu stasiun kereta api\ntempat jualan si tukang lapis,hari minggu cuma nonton tipi\nmau jalan dompet dah menipis,a-b-a-b,"[13, 10, 10, 9]",1,13
2901,kemana uang hendak dikejar\njika seharian hanya tidur\nmemarahi anak agar ia belajar\nketika di kamar malah mendengkur,kemana uang hendak dikejar\njika seharian hanya tidur,memarahi anak agar ia belajar\nketika di kamar malah mendengkur,a-b-a-b,"[10, 10, 13, 11]",3,13
2906,badan sakit karena meriang\nminum obat pemberian kawan\npercayalah saya ini pria penyayang\nsayang kepada banyak perempuan,badan sakit karena meriang\nminum obat pemberian kawan,percayalah saya ini pria penyayang\nsayang kepada banyak perempuan,a-b-a-b,"[10, 10, 13, 11]",3,13
3062,buat apa mencari cinta\nkalau cuma membeli satu\nbuat apa kita bercinta\nkalau kamu selalu disakiti aku,buat apa mencari cinta\nkalau cuma membeli satu,buat apa kita bercinta\nkalau kamu selalu disakiti aku,a-b-a-b,"[9, 9, 9, 13]",4,13
3089,satu stel baju sudah disetrika\njadi tampak rapi dan baru\nkamu apel hatiku bahagia\nmalam mingguku ini ga jadi kelabu,satu stel baju sudah disetrika\njadi tampak rapi dan baru,kamu apel hatiku bahagia\nmalam mingguku ini ga jadi kelabu,a-b-a-b,"[11, 9, 11, 13]",4,13
3185,kau adalah rasa gembiraku\nku tegak dalam diri saya\njika aku telah memenuhimu\noh rindu hatiku aku pun bahagia,kau adalah rasa gembiraku\nku tegak dalam diri saya,jika aku telah memenuhimu\noh rindu hatiku aku pun bahagia,a-b-a-b,"[10, 9, 11, 13]",4,13
3205,jikalau emak membuat kue\ncubalah pakai terigu gandum\njikalau emak memasak gule\npakailah garam yang mengandung iodium,jikalau emak membuat kue\ncubalah pakai terigu gandum,jikalau emak memasak gule\npakailah garam yang mengandung iodium,a-b-a-b,"[10, 10, 10, 13]",4,13
3227,pergi berlibur ke negeri china\ntak lupa membeli celana\njika engkau cinta anaknya\ntemui langsung kedua orangtuanya,pergi berlibur ke negeri china\ntak lupa membeli celana,jika engkau cinta anaknya\ntemui langsung kedua orangtuanya,a-a-a-a,"[11, 9, 9, 13]",4,13
3248,makan jambu di kota brastagi\nmakan bakpia di tepi pantai\nuntukmu ku ucapkan selamat pagi\nsemoga bahagia selalu menyertai,makan jambu di kota brastagi\nmakan bakpia di tepi pantai,untukmu ku ucapkan selamat pagi\nsemoga bahagia selalu menyertai,a-b-a-b,"[10, 10, 12, 13]",4,13
3254,malam hari banyak siluman\nkalau lewat suka sekelebat\nmemang aku punya banyak teman\ntapi aku cuman punya satu sahabat,malam hari banyak siluman\nkalau lewat suka sekelebat,memang aku punya banyak teman\ntapi aku cuman punya satu sahabat,a-b-a-b,"[9, 10, 10, 13]",4,13
3256,kepala siapa yang benjolbenjol\npasti sekarang nggak bisa senyum\nsahabat akan selalu berbuat konyol\nagar kamu bisa selalu tersenyum,kepala siapa yang benjolbenjol\npasti sekarang nggak bisa senyum,sahabat akan selalu berbuat konyol\nagar kamu bisa selalu tersenyum,a-b-a-b,"[11, 10, 13, 12]",3,13
3308,kueh cucur enak rasanya\nkueh serabi putih warnanya\nhatiku hancur karena cinta\nsiapakah yang akan jadi pengobatnya,kueh cucur enak rasanya\nkueh serabi putih warnanya,hatiku hancur karena cinta\nsiapakah yang akan jadi pengobatnya,a-a-a-a,"[9, 10, 10, 13]",4,13
3493,yanti sedang tak mau diganggu\nkarena kerjanya begitu padat\nbacalah dan pahami isi kitabmu\nagar selamat di dunia dan akhirat,yanti sedang tak mau diganggu\nkarena kerjanya begitu padat,bacalah dan pahami isi kitabmu\nagar selamat di dunia dan akhirat,a-b-a-b,"[9, 11, 12, 13]",4,13
3500,orang wafat digotong dalam keranda\npusarannya ditaburi kembang mawar\nketika diare ganas melanda\ncari obat oralit sebagai penawar,orang wafat digotong dalam keranda\npusarannya ditaburi kembang mawar,ketika diare ganas melanda\ncari obat oralit sebagai penawar,a-b-a-b,"[12, 12, 11, 13]",4,13
3503,jika ada masalah jangan kabur\nhadapi dengan jiwa tangguh kesatria\nanak berbudi pekerti luhur\nkelak menjadi kusuma bangsa,jika ada masalah jangan kabur\nhadapi dengan jiwa tangguh kesatria,anak berbudi pekerti luhur\nkelak menjadi kusuma bangsa,a-b-a-b,"[11, 13, 10, 10]",2,13
3524,memancing ikan dengan kailnya\nikan hiu tertangkap alangkah besarnya\njangan hanya melihat bagus fisiknya\ntapi juga perhatikan perangainya,memancing ikan dengan kailnya\nikan hiu tertangkap alangkah besarnya,jangan hanya melihat bagus fisiknya\ntapi juga perhatikan perangainya,a-a-a-a,"[9, 13, 12, 12]",2,13
3544,istana putih milik raja\nada batu tengahnya berongga\nkecantikan di dunia sebentar saja\nyang abadi hanya di surga,istana putih milik raja\nada batu tengahnya berongga,kecantikan di dunia sebentar saja\nyang abadi hanya di surga,a-a-a-a,"[9, 10, 13, 9]",3,13
3587,pinang muda dibelah dua\nanak burung mati diranggah\ndari muda hingga ke tua\najaran baik harus di hindari diubah,pinang muda dibelah dua\nanak burung mati diranggah,dari muda hingga ke tua\najaran baik harus di hindari diubah,a-b-a-b,"[9, 9, 9, 13]",4,13
3601,mana mungkin ada buaya\ncoba lihat dengan cermat\nmana mungkin hidup bahagia\njika pada orang tua tiada hormat,mana mungkin ada buaya\ncoba lihat dengan cermat,mana mungkin hidup bahagia\njika pada orang tua tiada hormat,a-b-a-b,"[9, 8, 10, 13]",4,13
3648,anak gembala menggiring sapi\nsapi lelah mukanya pucat\npada kesempatan berbahagia ini\nizinkan saya memberi amanat,anak gembala menggiring sapi\nsapi lelah mukanya pucat,pada kesempatan berbahagia ini\nizinkan saya memberi amanat,a-b-a-b,"[10, 9, 13, 11]",3,13
3661,pisau sembilu banyak gunanya\nuntuk mengiris daging domba\nhatiku selalu merasa bahagia\nkalau bisa belajar bersama,pisau sembilu banyak gunanya\nuntuk mengiris daging domba,hatiku selalu merasa bahagia\nkalau bisa belajar bersama,a-a-a-a,"[10, 9, 13, 10]",3,13
3674,lapangan golf sangat lebar\ntempat orang bermain dan bertemu\ntabah dan sabarlah ketika belajar\nsebab itu kunci untuk mendapat ilmu,lapangan golf sangat lebar\ntempat orang bermain dan bertemu,tabah dan sabarlah ketika belajar\nsebab itu kunci untuk mendapat ilmu,a-b-a-b,"[8, 10, 12, 13]",4,13
3696,hati bergetar karena asmara\napalagi diiringi puisi syahdu\nbila kamu ingin melihat saya\nijinkan aku datang kerumahmu,hati bergetar karena asmara\napalagi diiringi puisi syahdu,bila kamu ingin melihat saya\nijinkan aku datang kerumahmu,a-b-a-b,"[11, 13, 11, 11]",2,13
3698,dua hati berjanji setia\ntak mau berpisah selamanya\nsama sahabat sejati aku percaya\nsilahkan datang dan sampai ketemu ya,dua hati berjanji setia\ntak mau berpisah selamanya,sama sahabat sejati aku percaya\nsilahkan datang dan sampai ketemu ya,a-a-a-a,"[10, 9, 13, 12]",3,13
3737,cahaya pagi amat hangatnya\nbadan segar baik bekerja\ndirikan sholat tuk mengingatnya\nitulah tanda ada iman dalam dada,cahaya pagi amat hangatnya\nbadan segar baik bekerja,dirikan sholat tuk mengingatnya\nitulah tanda ada iman dalam dada,a-a-a-a,"[10, 8, 10, 13]",4,13
3762,anak rusa bermain berlari lari\nberlari riang dari hutani ke semak\namalkan ilmu sehari hari\nagar tertanam dalam benak,anak rusa bermain berlari lari\nberlari riang dari hutani ke semak,amalkan ilmu sehari hari\nagar tertanam dalam benak,a-b-a-b,"[11, 13, 10, 9]",2,13
3791,pete dimasak dengan bacan\nbakar kayu diantara tungku\nkalau panas tidak digunakan\nkalau hujan dicaricari apa itu,pete dimasak dengan bacan\nbakar kayu diantara tungku,kalau panas tidak digunakan\nkalau hujan dicaricari apa itu,a-b-a-b,"[9, 10, 10, 13]",4,13
3918,pergi ke pasar membeli meja\ntidak lupa membeli papan\nbelajar ilmu dunia boleh saja\ntapi ilmu agama jangan dilupakan,pergi ke pasar membeli meja\ntidak lupa membeli papan,belajar ilmu dunia boleh saja\ntapi ilmu agama jangan dilupakan,a-b-a-b,"[10, 9, 12, 13]",4,13
3957,bersedekahlah pada si miskin\nbanyak dosa segera bertaubat\nkajilah al quran sebaik mungkin\nagar jadi syafaat di hari kiamat,bersedekahlah pada si miskin\nbanyak dosa segera bertaubat,kajilah al quran sebaik mungkin\nagar jadi syafaat di hari kiamat,a-b-a-b,"[10, 10, 10, 13]",4,13
3981,biji kapas tertiup angin berterbangan\nada yang tersangkut di antena\nmari kita rajin cuci tangan\nagar tak terinfeksi virus corona,biji kapas tertiup angin berterbangan\nada yang tersangkut di antena,mari kita rajin cuci tangan\nagar tak terinfeksi virus corona,a-b-a-b,"[13, 10, 10, 12]",1,13
3985,alam nyanyikan lagu baru\nmenari gesit seekor rusa\npahami dunia dengan membaca buku\norang tuamu akan bersuka ria,alam nyanyikan lagu baru\nmenari gesit seekor rusa,pahami dunia dengan membaca buku\norang tuamu akan bersuka ria,a-b-a-b,"[9, 10, 13, 12]",3,13
4024,gelombang laut seakan membelah\ntak takut edo pergi berenang\nayo bangun pagi dan bersiap sekolah\nberilmu membuat hidup lebih tenang,gelombang laut seakan membelah\ntak takut edo pergi berenang,ayo bangun pagi dan bersiap sekolah\nberilmu membuat hidup lebih tenang,a-b-a-b,"[10, 10, 13, 12]",3,13
4025,anak manis itu bernama bian\norang tuanya bernama leni dan ata\nsiswa yang pintar menjadi teladan\nditambah lagi jika baik hatinya,anak manis itu bernama bian\norang tuanya bernama leni dan ata,siswa yang pintar menjadi teladan\nditambah lagi jika baik hatinya,a-b-a-b,"[11, 13, 11, 11]",2,13
4076,kuncup bunga amat harumnya\npetik satu simpan di tenda\nhidup ini tak akan selamanya\ndunia dicari akhirat jangan dilupa,kuncup bunga amat harumnya\npetik satu simpan di tenda,hidup ini tak akan selamanya\ndunia dicari akhirat jangan dilupa,a-a-a-a,"[9, 9, 11, 14]",4,14
4078,gigi ompong banyak tertawa\nsayang tak pandai berkatakata\nhendaklah berbakti kepada orang tua\nniscaya allah sayangi kita,gigi ompong banyak tertawa\nsayang tak pandai berkatakata,hendaklah berbakti kepada orang tua\nniscaya allah sayangi kita,a-a-a-a,"[9, 10, 13, 10]",3,13
4107,air cuka penambah rasa\nsayap kalong lebar rupanya\nsiapa suka meremehkan manusia\nsifat sombong diapun punya,air cuka penambah rasa\nsayap kalong lebar rupanya,siapa suka meremehkan manusia\nsifat sombong diapun punya,a-a-a-a,"[8, 9, 13, 9]",3,13
4154,tanam kenanga di tepi taman\nbunga melati tak punya dahan\nkarena ilmu karena iman\nmanusia dimuliakan oleh tuhan,tanam kenanga di tepi taman\nbunga melati tak punya dahan,karena ilmu karena iman\nmanusia dimuliakan oleh tuhan,a-a-a-a,"[10, 10, 10, 13]",4,13
4199,saat lebaran makannya lontong\nlontong dimakan saat berkumpul\notak itu seperti pisau pemotong\nbila tak selalu diasah akan tumpul,saat lebaran makannya lontong\nlontong dimakan saat berkumpul,otak itu seperti pisau pemotong\nbila tak selalu diasah akan tumpul,a-b-a-b,"[10, 10, 12, 13]",4,13
4278,membawa paku ditaruh di saku\nuntuk di bawa ke rumah kurnia\njangan bosan membaca buku\nkarena buku adalah jendela dunia,membawa paku ditaruh di saku\nuntuk di bawa ke rumah kurnia,jangan bosan membaca buku\nkarena buku adalah jendela dunia,a-b-a-b,"[11, 11, 9, 14]",4,14
4343,kulit bambu untuk sembilu\nuntuk memasak ikan betutu\nair mengalir dari hulu\nkemana pula mengalir cintamu itu,kulit bambu untuk sembilu\nuntuk memasak ikan betutu,air mengalir dari hulu\nkemana pula mengalir cintamu itu,a-a-a-a,"[9, 10, 8, 13]",4,13
4395,matahari membuat bulan iri\ntak hilang cahayanya tahun\nbetapa riang hatiku ini\ndi beri sepeda hadiah ulang tahun,matahari membuat bulan iri\ntak hilang cahayanya tahun,betapa riang hatiku ini\ndi beri sepeda hadiah ulang tahun,a-b-a-b,"[11, 9, 10, 13]",4,13
4401,buah naga ada sembilan\ndimakan tujuh tinggal dua\naku tak ingin pacar untuk sebulan\naku ingin suami untuk selamanya,buah naga ada sembilan\ndimakan tujuh tinggal dua,aku tak ingin pacar untuk sebulan\naku ingin suami untuk selamanya,a-b-a-b,"[9, 9, 12, 13]",4,13
4404,paman datang bermuka garang\ntangan menggenggam erat sebuah belati\njika ada rezeki padamu datang\njanganlah lupa untuk berbagi,paman datang bermuka garang\ntangan menggenggam erat sebuah belati,jika ada rezeki padamu datang\njanganlah lupa untuk berbagi,a-b-a-b,"[9, 13, 12, 10]",2,13
4422,petani kerjanya di sawah\npergi ke sawah setiap hari\ndemi keluargamu yang ada di rumah\nbekerja keraslah setiap hari,petani kerjanya di sawah\npergi ke sawah setiap hari,demi keluargamu yang ada di rumah\nbekerja keraslah setiap hari,a-b-a-b,"[9, 10, 13, 11]",3,13
4435,ayam berkokok di pagi hari\nmembuka mata membuka jendela\nmari bersama membuka acara ini\nsemoga lancar sesuai rencana,ayam berkokok di pagi hari\nmembuka mata membuka jendela,mari bersama membuka acara ini\nsemoga lancar sesuai rencana,a-b-a-b,"[10, 11, 13, 11]",3,13
4460,pergi sekolah pakai sepatu\npulang barengan dengan teman\njangan dustai cinta dihatiku\nkarena itu akan amat menyakitkan,pergi sekolah pakai sepatu\npulang barengan dengan teman,jangan dustai cinta dihatiku\nkarena itu akan amat menyakitkan,a-b-a-b,"[10, 9, 10, 13]",4,13
4470,melihat pekerja menbuat aspal\nditengah panas mentari membara\nwalau aku terkesan menggombal\npercayalah ini semua bukan dusta,melihat pekerja menbuat aspal\nditengah panas mentari membara,walau aku terkesan menggombal\npercayalah ini semua bukan dusta,a-b-a-b,"[11, 11, 10, 13]",4,13
4524,makan roti campur mentega\ndi makan untuk waktu sarapan\nuntuk saya dan teman semua\nmari belajar karena besok ujian,makan roti campur mentega\ndi makan untuk waktu sarapan,untuk saya dan teman semua\nmari belajar karena besok ujian,a-b-a-b,"[9, 10, 10, 13]",4,13
4526,ke taman safari bersama pacar\nkarena hujan akhirnya batal\nmari bersama kita belajar\nuntuk menghadapi ujian nasional,ke taman safari bersama pacar\nkarena hujan akhirnya batal,mari bersama kita belajar\nuntuk menghadapi ujian nasional,a-b-a-b,"[11, 10, 10, 13]",4,13
4532,pergi tamasya ke yogyakarta\nada keraton yang mendunia\njangan mudah berputus asa\nada bahagia menantimu disana,pergi tamasya ke yogyakarta\nada keraton yang mendunia,jangan mudah berputus asa\nada bahagia menantimu disana,a-a-a-a,"[10, 10, 9, 13]",4,13
4533,simpan makanan dalam kulkas\nuntuk dimasak ketika lusa\nkerjakan rutinitas dengan ikhlas\nsemoga lekas menemui bahagia,simpan makanan dalam kulkas\nuntuk dimasak ketika lusa,kerjakan rutinitas dengan ikhlas\nsemoga lekas menemui bahagia,a-b-a-b,"[9, 10, 11, 13]",4,13
4545,setelah usia menimba pelajaran\nsaatnya pulang menuju rumah\nkalau lelah di sela pekerjaan\nambil wudhu dan sholatlah,setelah usia menimba pelajaran\nsaatnya pulang menuju rumah,kalau lelah di sela pekerjaan\nambil wudhu dan sholatlah,a-b-a-b,"[13, 10, 11, 8]",1,13
4582,melihat pekerja membuat aspal\nistirahat sejenak di tengah hari\npamer pacar baru di media sosial\nhello kamu pikir aku sakit hati,melihat pekerja membuat aspal\nistirahat sejenak di tengah hari,pamer pacar baru di media sosial\nhello kamu pikir aku sakit hati,a-b-a-b,"[11, 12, 13, 12]",3,13
4600,indonesia negeri beribu pulau\nmeski berjarak namun tetap satu\nsebelum aku pergi merantau\nmaafkan segala salahku padamu,indonesia negeri beribu pulau\nmeski berjarak namun tetap satu,sebelum aku pergi merantau\nmaafkan segala salahku padamu,a-b-a-b,"[13, 11, 10, 12]",1,13
4617,jakarta panas di siang hari\nditambah macet yang sangat padat\npada kesempatan berbahagia ini\nizinkan saya memberi amanat,jakarta panas di siang hari\nditambah macet yang sangat padat,pada kesempatan berbahagia ini\nizinkan saya memberi amanat,a-b-a-b,"[10, 10, 13, 11]",3,13
4629,makan nasi dengan sayur lodeh\nbuat mie goreng dari mihun\npokoknya kuucapkan selamat deh\nbuat siapa aja yang berulang tahun,makan nasi dengan sayur lodeh\nbuat mie goreng dari mihun,pokoknya kuucapkan selamat deh\nbuat siapa aja yang berulang tahun,a-b-a-b,"[10, 10, 11, 13]",4,13
4644,pergi ke toko membeli paku\nuntuk membuat beberapa bangku\nuntukmu ibu dari anakanakku\nselamat menua dan bahagia selalu,pergi ke toko membeli paku\nuntuk membuat beberapa bangku,untukmu ibu dari anakanakku\nselamat menua dan bahagia selalu,a-a-a-a,"[10, 11, 12, 14]",4,14
4650,tampung air dalam manager\nhujan lebat di hari sabtu\nselamat ulang tahun bapak manager\nsemoga sehat dan bahagia selalu,tampung air dalam manager\nhujan lebat di hari sabtu,selamat ulang tahun bapak manager\nsemoga sehat dan bahagia selalu,a-b-a-b,"[8, 9, 12, 13]",4,13
4656,adik kecil menyanyikan lagu\nmasih kecil suaranya merdu\nuntukmu ibu perempuan surgaku\nkuucapkan selamat menua padamu,adik kecil menyanyikan lagu\nmasih kecil suaranya merdu,untukmu ibu perempuan surgaku\nkuucapkan selamat menua padamu,a-a-a-a,"[10, 10, 12, 13]",4,13
4663,mandi ke muara bersama paman\nsambil memancing di atas perahu\nbarakallah fii umrik aku ucapkan\nuntuk kamu teman mengajiku,mandi ke muara bersama paman\nsambil memancing di atas perahu,barakallah fii umrik aku ucapkan\nuntuk kamu teman mengajiku,a-b-a-b,"[11, 11, 13, 10]",3,13
4665,sumatera barat punya rabab\nangklung ada di pulau jawa\nbarakallah fii umrik sahabat akrab\ntetaplah jadi pribadi yang ceria,sumatera barat punya rabab\nangklung ada di pulau jawa,barakallah fii umrik sahabat akrab\ntetaplah jadi pribadi yang ceria,a-b-a-b,"[10, 9, 13, 12]",3,13
4666,minum air habis segelas\nkarena pedas termakan acar\nbarakallah fii umrik teman sekelas\nsemoga ibadah semakin lancar,minum air habis segelas\nkarena pedas termakan acar,barakallah fii umrik teman sekelas\nsemoga ibadah semakin lancar,a-b-a-b,"[8, 10, 13, 11]",3,13
4737,sarapan pagi dengan roti\npergi sekolah naik delman\nkuatkan fisik positifkan hati\nuntuk menjalankan semua pekerjaan,sarapan pagi dengan roti\npergi sekolah naik delman,kuatkan fisik positifkan hati\nuntuk menjalankan semua pekerjaan,a-b-a-b,"[9, 8, 11, 13]",4,13
4740,pergi ke pasar naik sepeda\nmembeli kaos dan sepatu\njangan pemalas jadi manusia\nallah tidak suka kebiasaan itu,pergi ke pasar naik sepeda\nmembeli kaos dan sepatu,jangan pemalas jadi manusia\nallah tidak suka kebiasaan itu,a-b-a-b,"[9, 9, 11, 13]",4,13
4759,tiada mahkota di atas kepala\nputihlah rambut ketika tua\ntiada cinta diatas cinta\nmelebihi cinta ibu pada anaknya,tiada mahkota di atas kepala\nputihlah rambut ketika tua,tiada cinta diatas cinta\nmelebihi cinta ibu pada anaknya,a-a-a-a,"[12, 10, 10, 13]",4,13
4770,di australia ada kangguru\njalan melompat sangatlah lucu\nibu begitu indah telapak kakimu\ndi sanalan tempat surgaku,di australia ada kangguru\njalan melompat sangatlah lucu,ibu begitu indah telapak kakimu\ndi sanalan tempat surgaku,a-a-a-a,"[10, 10, 13, 9]",3,13
4814,santriwati pesantren memakai jilbab\nmenjalankan perintah sang ilahi\nkebersihan menjadi tanggung jawab\nuntuk kita bersama di dunia ini,santriwati pesantren memakai jilbab\nmenjalankan perintah sang ilahi,kebersihan menjadi tanggung jawab\nuntuk kita bersama di dunia ini,a-b-a-b,"[12, 11, 11, 13]",4,13
4848,dari padang ke bukittinggi\nsinggah sejenak di kelok sambilan\nilmu dunia akhirat harus dicari\nguru jasamu takkan terlupakan,dari padang ke bukittinggi\nsinggah sejenak di kelok sambilan,ilmu dunia akhirat harus dicari\nguru jasamu takkan terlupakan,a-b-a-b,"[9, 11, 13, 11]",3,13
4859,ambil kayu jadikan meja\nuntuk dibawa ke batanghari\nselamat menjalani ibadah puasa\nuntuk family di ramadhan ini,ambil kayu jadikan meja\nuntuk dibawa ke batanghari,selamat menjalani ibadah puasa\nuntuk family di ramadhan ini,a-b-a-b,"[9, 10, 13, 10]",3,13
4899,sarapan pagi dengan roti\nsiang harinya makan nasi\nselamat sabtu kekasih hati\nselamat berbahagia setiap hari,sarapan pagi dengan roti\nsiang harinya makan nasi,selamat sabtu kekasih hati\nselamat berbahagia setiap hari,a-a-a-a,"[9, 9, 10, 13]",4,13
4915,ambil batu asah lah pahat\nolah kayu jadikan meja\nmarilah berbondong sholat jumat\nbuat pria muslim dimanapun berada,ambil batu asah lah pahat\nolah kayu jadikan meja,marilah berbondong sholat jumat\nbuat pria muslim dimanapun berada,a-b-a-b,"[9, 9, 10, 13]",4,13
4987,langit cerah hujan reda\npara pekerja membuat aspal\nselamat menikmati hari selasa\nuntuk temanteman di media sosial,langit cerah hujan reda\npara pekerja membuat aspal,selamat menikmati hari selasa\nuntuk temanteman di media sosial,a-b-a-b,"[8, 10, 12, 13]",4,13
5046,jalan santai ke setia bakti\nanak kecil memakai kerudung\nwajahmu bersinar bak surya pagi\ntapi cuaca pagi ini agak mendung,jalan santai ke setia bakti\nanak kecil memakai kerudung,wajahmu bersinar bak surya pagi\ntapi cuaca pagi ini agak mendung,a-b-a-b,"[10, 10, 11, 13]",4,13
5070,jalanjalan ke suka hari\nuntuk membeli sebuah gergaji\nmeski musim terus berganti\ncinta bersemi padamu pria sejati,jalanjalan ke suka hari\nuntuk membeli sebuah gergaji,meski musim terus berganti\ncinta bersemi padamu pria sejati,a-a-a-a,"[9, 11, 9, 13]",4,13
5072,berburu ke hutan rimba\njangan lupa membawa pahat\ndimanapun raga ini berada\nhanya orangtua yang selalu teringat,berburu ke hutan rimba\njangan lupa membawa pahat,dimanapun raga ini berada\nhanya orangtua yang selalu teringat,a-b-a-b,"[8, 9, 11, 13]",4,13
5074,merah warna dalam semangka\nkeras isinya dalam rambutan\nmeski merantau ke ujung dunia\npituah orangtua jadikan pedoman,merah warna dalam semangka\nkeras isinya dalam rambutan,meski merantau ke ujung dunia\npituah orangtua jadikan pedoman,a-b-a-b,"[9, 10, 11, 13]",4,13
5077,simpanlah padi di dalam lumbung\njangan tutup dengan kayu lapuk\nmeski hari sepanas gurung\nbertemu orangtua semua jadi sejuk,simpanlah padi di dalam lumbung\njangan tutup dengan kayu lapuk,meski hari sepanas gurung\nbertemu orangtua semua jadi sejuk,a-b-a-b,"[10, 10, 9, 14]",4,14
5080,penampilan mereka sangat memukau\nkalahkan semua peserta lainnya\nsejauh apapun aku merantau\norangtua yang selalu ada di doa,penampilan mereka sangat memukau\nkalahkan semua peserta lainnya,sejauh apapun aku merantau\norangtua yang selalu ada di doa,a-b-a-b,"[12, 11, 10, 13]",4,13
5087,jika hari sedang hujan\njangan kamu meminum es\nsetiap pertemuan ada perpisahan\nsemoga kita semua sukses,jika hari sedang hujan\njangan kamu meminum es,setiap pertemuan ada perpisahan\nsemoga kita semua sukses,a-b-a-b,"[8, 8, 13, 10]",3,13
5111,orang kaya bermobil mewah\nsinggah di restoran untuk makan\nguru adalah orangtua di sekolah\njasanya takkan bisa terbalaskan,orang kaya bermobil mewah\nsinggah di restoran untuk makan,guru adalah orangtua di sekolah\njasanya takkan bisa terbalaskan,a-b-a-b,"[9, 10, 13, 11]",3,13
5115,pergi ke laut si anak nelayan\npulangnya bawa ikan tenggiri\nterima kasih kami ucapkan\natas jasa dan kesudian selama ini,pergi ke laut si anak nelayan\npulangnya bawa ikan tenggiri,terima kasih kami ucapkan\natas jasa dan kesudian selama ini,a-b-a-b,"[10, 10, 10, 14]",4,14
5122,banyak penyanyi kelas dunia\nmereka tersohor amat terkenal\nhati kembali senang ceria\ntersambung telepon dan media sosial,banyak penyanyi kelas dunia\nmereka tersohor amat terkenal,hati kembali senang ceria\ntersambung telepon dan media sosial,a-b-a-b,"[10, 11, 10, 13]",4,13
5149,siang hari memanjat manggis\nmanggis tinggi tolong julukkan\nbagaimana hati tidak teriris\nmengenang keluarga yang aku tinggalkan,siang hari memanjat manggis\nmanggis tinggi tolong julukkan,bagaimana hati tidak teriris\nmengenang keluarga yang aku tinggalkan,a-b-a-b,"[9, 9, 11, 13]",4,13
5261,ambil tepung cetak adonan\nmalam hari memakan roti\nibubapak guru dan teman sekalian\nbiarkan aku memulai pidato ini,ambil tepung cetak adonan\nmalam hari memakan roti,ibubapak guru dan teman sekalian\nbiarkan aku memulai pidato ini,a-b-a-b,"[9, 9, 13, 13]","3,4",13
5287,kapal berhenti singgah berlabuh\ntepi telaga airnya payau\nbiarlah kini berpisah jauh\nasal ibu dari anakku adalah engkau,kapal berhenti singgah berlabuh\ntepi telaga airnya payau,biarlah kini berpisah jauh\nasal ibu dari anakku adalah engkau,a-b-a-b,"[10, 9, 9, 14]",4,14
5308,ke bukit langkat naik sepeda\nsepeda digiring kala mendaki\ncoklat hangat temani kita\nkala terompet meriahkan malam ini,ke bukit langkat naik sepeda\nsepeda digiring kala mendaki,coklat hangat temani kita\nkala terompet meriahkan malam ini,a-b-a-b,"[9, 11, 9, 13]",4,13
5323,bulan desember di akhir tahun\nbulan januari akan menyapa\nselamat hari ulang tahun\nrepublik indonesia tetaplah jaya,bulan desember di akhir tahun\nbulan januari akan menyapa,selamat hari ulang tahun\nrepublik indonesia tetaplah jaya,a-b-a-b,"[10, 11, 9, 13]",4,13
5324,ada rabu setelah selasa\npergi memancing hari dah senja\nteruslah berjaya wahai indonesia\ndi bumi pertiwi goreskan cerita,ada rabu setelah selasa\npergi memancing hari dah senja,teruslah berjaya wahai indonesia\ndi bumi pertiwi goreskan cerita,a-a-a-a,"[10, 10, 13, 12]",3,13
5334,ke kebun panen pepaya\nmakan isinya buang bijinya\nindonesia berbhineka tunggal ika\npenduduk nya beribu suku bangsa,ke kebun panen pepaya\nmakan isinya buang bijinya,indonesia berbhineka tunggal ika\npenduduk nya beribu suku bangsa,a-a-a-a,"[8, 10, 13, 11]",3,13
